Year,County,MedianRent
2015,Schoharie,596.0
2015,Fulton,548.0
2015,Rensselaer,722.0
2015,Franklin,534.0
2015,Queens,1248.0
2015,Washington,627.0
2015,New York,1432.0
2015,Cayuga,557.0
2015,Rockland,1200.0
2015,Niagara,523.0
2015,Essex,635.0
2015,Nassau,1437.0
2015,Jefferson,757.0
2015,Suffolk,1391.0
2015,Wyoming,470.0
2015,Oswego,560.0
2015,Wayne,561.0
2015,Broome,595.0
2015,Erie,599.0
2015,Sullivan,699.0
2015,Orange,984.0
2015,Schuyler,510.0
2015,Chenango,512.0
2015,Bronx,959.0
2015,Onondaga,668.0
2015,Seneca,556.0
2015,Putnam,1150.0
2015,Herkimer,507.0
2015,Ontario,689.0
2015,Steuben,513.0
2015,Hamilton,481.0
2015,Chautauqua,472.0
2015,Kings,1110.0
2015,Tioga,526.0
2015,Orleans,507.0
2015,Saratoga,844.0
2015,Columbia,725.0
2015,Lewis,523.0
2015,Westchester,1233.0
2015,Delaware,528.0
2015,Montgomery,536.0
2015,Richmond,1021.0
2015,St. Lawrence,545.0
2015,Tompkins,907.0
2015,Warren,726.0
2015,Cortland,576.0
2015,Dutchess,980.0
2015,Monroe,711.0
2015,Oneida,557.0
2015,Ulster,849.0
2015,Chemung,594.0
2015,Livingston,579.0
2015,Otsego,627.0
2015,Clinton,636.0
2015,Greene,668.0
2015,Albany,792.0
2015,Allegany,462.0
2015,Cattaraugus,460.0
2015,Madison,574.0
2015,Schenectady,696.0
2015,Genesee,569.0
2015,Yates,535.0
2016,Schoharie,620.0
2016,Fulton,564.0
2016,Rensselaer,741.0
2016,Franklin,540.0
2016,Queens,1291.0
2016,Washington,643.0
2016,New York,1488.0
2016,Cayuga,574.0
2016,Rockland,1230.0
2016,Niagara,530.0
2016,Essex,633.0
2016,Nassau,1463.0
2016,Schuyler,560.0
2016,Chenango,516.0
2016,Jefferson,768.0
2016,Suffolk,1431.0
2016,Oswego,577.0
2016,Wayne,578.0
2016,Broome,609.0
2016,Erie,617.0
2016,Sullivan,709.0
2016,Orange,985.0
2016,Bronx,984.0
2016,Onondaga,686.0
2016,Clinton,642.0
2016,Seneca,575.0
2016,Putnam,1165.0
2016,Herkimer,512.0
2016,Ontario,697.0
2016,Steuben,525.0
2016,Hamilton,529.0
2016,Chautauqua,483.0
2016,Kings,1150.0
2016,Tioga,542.0
2016,Orleans,518.0
2016,Saratoga,872.0
2016,Columbia,729.0
2016,Lewis,524.0
2016,Westchester,1266.0
2016,Delaware,545.0
2016,Montgomery,551.0
2016,Richmond,1042.0
2016,St. Lawrence,543.0
2016,Tompkins,933.0
2016,Warren,746.0
2016,Cortland,614.0
2016,Dutchess,980.0
2016,Monroe,729.0
2016,Oneida,567.0
2016,Ulster,860.0
2016,Chemung,603.0
2016,Livingston,581.0
2016,Otsego,630.0
2016,Greene,665.0
2016,Albany,810.0
2016,Allegany,478.0
2016,Cattaraugus,470.0
2016,Madison,578.0
2016,Schenectady,714.0
2016,Genesee,569.0
2016,Yates,538.0
2016,Wyoming,495.0
2017,Schoharie,643.0
2017,Bronx,1024.0
2017,Onondaga,710.0
2017,Fulton,574.0
2017,Clinton,657.0
2017,Seneca,581.0
2017,Rensselaer,769.0
2017,Putnam,1191.0
2017,Franklin,549.0
2017,Herkimer,529.0
2017,Ontario,714.0
2017,Queens,1342.0
2017,Steuben,546.0
2017,Hamilton,530.0
2017,Washington,658.0
2017,Chautauqua,495.0
2017,Kings,1191.0
2017,New York,1521.0
2017,Tioga,559.0
2017,Cayuga,590.0
2017,Orleans,528.0
2017,Saratoga,895.0
2017,Rockland,1260.0
2017,Columbia,741.0
2017,Lewis,543.0
2017,Niagara,539.0
2017,Westchester,1320.0
2017,Delaware,552.0
2017,Essex,638.0
2017,Montgomery,562.0
2017,Nassau,1534.0
2017,Richmond,1079.0
2017,St. Lawrence,575.0
2017,Schuyler,584.0
2017,Tompkins,975.0
2017,Warren,754.0
2017,Chenango,525.0
2017,Cortland,639.0
2017,Dutchess,1032.0
2017,Jefferson,797.0
2017,Monroe,758.0
2017,Oneida,587.0
2017,Suffolk,1484.0
2017,Ulster,879.0
2017,Wyoming,500.0
2017,Chemung,634.0
2017,Livingston,599.0
2017,Oswego,592.0
2017,Otsego,658.0
2017,Greene,686.0
2017,Wayne,591.0
2017,Albany,841.0
2017,Allegany,496.0
2017,Broome,623.0
2017,Cattaraugus,480.0
2017,Erie,637.0
2017,Madison,595.0
2017,Schenectady,743.0
2017,Sullivan,712.0
2017,Genesee,587.0
2017,Yates,548.0
2017,Orange,1016.0
2018,Schoharie,648.0
2018,Fulton,586.0
2018,Rensselaer,792.0
2018,Franklin,544.0
2018,Queens,1403.0
2018,Washington,683.0
2018,New York,1583.0
2018,Cayuga,617.0
2018,Rockland,1315.0
2018,Niagara,553.0
2018,Essex,653.0
2018,Nassau,1607.0
2018,Schuyler,594.0
2018,Chenango,547.0
2018,Jefferson,806.0
2018,Suffolk,1547.0
2018,Wyoming,500.0
2018,Oswego,616.0
2018,Wayne,602.0
2018,Broome,645.0
2018,Erie,666.0
2018,Sullivan,742.0
2018,Orange,1054.0
2018,Bronx,1063.0
2018,Onondaga,735.0
2018,Clinton,684.0
2018,Seneca,608.0
2018,Putnam,1262.0
2018,Herkimer,541.0
2018,Ontario,746.0
2018,Steuben,554.0
2018,Hamilton,560.0
2018,Chautauqua,521.0
2018,Kings,1267.0
2018,Tioga,606.0
2018,Orleans,551.0
2018,Saratoga,934.0
2018,Columbia,762.0
2018,Lewis,536.0
2018,Westchester,1369.0
2018,Delaware,551.0
2018,Montgomery,582.0
2018,Richmond,1135.0
2018,St. Lawrence,596.0
2018,Tompkins,1010.0
2018,Warren,760.0
2018,Cortland,661.0
2018,Dutchess,1047.0
2018,Monroe,783.0
2018,Oneida,606.0
2018,Ulster,916.0
2018,Chemung,661.0
2018,Livingston,623.0
2018,Otsego,671.0
2018,Greene,711.0
2018,Albany,866.0
2018,Allegany,510.0
2018,Cattaraugus,493.0
2018,Madison,608.0
2018,Schenectady,767.0
2018,Genesee,589.0
2018,Yates,594.0
2019,Schoharie,662.0
2019,Fulton,601.0
2019,Rensselaer,822.0
2019,Franklin,573.0
2019,Queens,1466.0
2019,Washington,703.0
2019,New York,1646.0
2019,Cayuga,638.0
2019,Rockland,1355.0
2019,Niagara,575.0
2019,Essex,675.0
2019,Nassau,1651.0
2019,Schuyler,614.0
2019,Chenango,546.0
2019,Jefferson,830.0
2019,Suffolk,1606.0
2019,Wyoming,520.0
2019,Oswego,630.0
2019,Wayne,619.0
2019,Broome,652.0
2019,Erie,700.0
2019,Sullivan,765.0
2019,Orange,1091.0
2019,Bronx,1097.0
2019,Onondaga,762.0
2019,Clinton,703.0
2019,Seneca,630.0
2019,Putnam,1345.0
2019,Herkimer,555.0
2019,Ontario,768.0
2019,Steuben,565.0
2019,Hamilton,574.0
2019,Chautauqua,531.0
2019,Kings,1322.0
2019,Tioga,615.0
2019,Orleans,570.0
2019,Saratoga,979.0
2019,Columbia,786.0
2019,Lewis,566.0
2019,Westchester,1408.0
2019,Delaware,546.0
2019,Montgomery,626.0
2019,Richmond,1177.0
2019,St. Lawrence,612.0
2019,Tompkins,1080.0
2019,Warren,783.0
2019,Cortland,684.0
2019,Dutchess,1071.0
2019,Monroe,810.0
2019,Oneida,623.0
2019,Ulster,937.0
2019,Chemung,675.0
2019,Livingston,641.0
2019,Otsego,681.0
2019,Greene,732.0
2019,Albany,894.0
2019,Allegany,514.0
2019,Cattaraugus,510.0
2019,Madison,621.0
2019,Schenectady,795.0
2019,Genesee,606.0
2019,Yates,618.0
2020,Allegany,520.0
2020,Cattaraugus,516.0
2020,Chemung,715.0
2020,Columbia,821.0
2020,Dutchess,1098.0
2020,Essex,663.0
2020,Genesee,642.0
2020,Herkimer,571.0
2020,Lewis,547.0
2020,Monroe,831.0
2020,New York,1695.0
2020,Onondaga,779.0
2020,Orleans,600.0
2020,Putnam,1361.0
2020,Richmond,1239.0
2020,Albany,914.0
2020,Bronx,1123.0
2020,Broome,672.0
2020,Cayuga,657.0
2020,Chautauqua,540.0
2020,Chenango,552.0
2020,Clinton,717.0
2020,Cortland,690.0
2020,Delaware,582.0
2020,Erie,729.0
2020,Franklin,600.0
2020,Fulton,613.0
2020,Greene,751.0
2020,Hamilton,600.0
2020,Jefferson,860.0
2020,Kings,1377.0
2020,Livingston,656.0
2020,Madison,623.0
2020,Montgomery,620.0
2020,Nassau,1708.0
2020,Niagara,599.0
2020,Oneida,642.0
2020,Ontario,781.0
2020,Orange,1126.0
2020,Oswego,661.0
2020,Otsego,690.0
2020,Queens,1520.0
2020,Rensselaer,855.0
2020,Rockland,1396.0
2020,St. Lawrence,593.0
2020,Saratoga,1023.0
2020,Schenectady,817.0
2020,Schoharie,678.0
2020,Schuyler,606.0
2020,Seneca,662.0
2020,Steuben,580.0
2020,Suffolk,1669.0
2020,Sullivan,772.0
2020,Tioga,653.0
2020,Tompkins,1057.0
2020,Ulster,946.0
2020,Warren,797.0
2020,Washington,721.0
2020,Wayne,627.0
2020,Westchester,1463.0
2020,Wyoming,541.0
2020,Yates,586.0
2021,Albany,963.0
2021,Allegany,529.0
2021,Bronx,1180.0
2021,Broome,692.0
2021,Cattaraugus,536.0
2021,Cayuga,678.0
2021,Chautauqua,562.0
2021,Chemung,756.0
2021,Chenango,581.0
2021,Clinton,747.0
2021,Columbia,874.0
2021,Cortland,708.0
2021,Delaware,605.0
2021,Dutchess,1162.0
2021,Erie,766.0
2021,Essex,711.0
2021,Franklin,619.0
2021,Fulton,632.0
2021,Genesee,669.0
2021,Greene,784.0
2021,Hamilton,646.0
2021,Herkimer,604.0
2021,Jefferson,898.0
2021,Kings,1456.0
2021,Lewis,584.0
2021,Livingston,685.0
2021,Madison,666.0
2021,Monroe,873.0
2021,Montgomery,644.0
2021,Nassau,1796.0
2021,New York,1768.0
2021,Niagara,624.0
2021,Oneida,669.0
2021,Onondaga,817.0
2021,Ontario,840.0
2021,Orange,1194.0
2021,Orleans,617.0
2021,Oswego,704.0
2021,Otsego,718.0
2021,Putnam,1427.0
2021,Queens,1603.0
2021,Rensselaer,912.0
2021,Richmond,1315.0
2021,Rockland,1471.0
2021,St. Lawrence,622.0
2021,Saratoga,1080.0
2021,Schenectady,857.0
2021,Schoharie,688.0
2021,Schuyler,617.0
2021,Seneca,684.0
2021,Steuben,615.0
2021,Suffolk,1747.0
2021,Sullivan,812.0
2021,Tioga,696.0
2021,Tompkins,1143.0
2021,Ulster,997.0
2021,Warren,842.0
2021,Washington,759.0
2021,Wayne,654.0
2021,Westchester,1543.0
2021,Wyoming,550.0
2021,Yates,608.0
2022,Albany,1046.0
2022,Allegany,570.0
2022,Bronx,1265.0
2022,Broome,747.0
2022,Cattaraugus,577.0
2022,Cayuga,727.0
2022,Chautauqua,601.0
2022,Chemung,808.0
2022,Chenango,631.0
2022,Clinton,804.0
2022,Columbia,966.0
2022,Cortland,767.0
2022,Delaware,643.0
2022,Dutchess,1260.0
2022,Erie,849.0
2022,Essex,724.0
2022,Franklin,645.0
2022,Fulton,688.0
2022,Genesee,720.0
2022,Greene,850.0
2022,Hamilton,676.0
2022,Herkimer,651.0
2022,Jefferson,998.0
2022,Kings,1592.0
2022,Lewis,634.0
2022,Livingston,739.0
2022,Madison,738.0
2022,Monroe,945.0
2022,Montgomery,672.0
2022,Nassau,1944.0
2022,New York,1924.0
2022,Niagara,689.0
2022,Oneida,731.0
2022,Onondaga,878.0
2022,Ontario,918.0
2022,Orange,1305.0
2022,Orleans,667.0
2022,Oswego,752.0
2022,Otsego,778.0
2022,Putnam,1557.0
2022,Queens,1722.0
2022,Rensselaer,982.0
2022,Richmond,1419.0
2022,Rockland,1575.0
2022,St. Lawrence,653.0
2022,Saratoga,1142.0
2022,Schenectady,926.0
2022,Schoharie,733.0
2022,Schuyler,628.0
2022,Seneca,731.0
2022,Steuben,663.0
2022,Suffolk,1912.0
2022,Sullivan,869.0
2022,Tioga,746.0
2022,Tompkins,1191.0
2022,Ulster,1094.0
2022,Warren,900.0
2022,Washington,826.0
2022,Wayne,722.0
2022,Westchester,1655.0
2022,Wyoming,597.0
2022,Yates,645.0
2023,Albany,1115.0
2023,Allegany,574.0
2023,Bronx,1289.0
2023,Broome,774.0
2023,Cattaraugus,595.0
2023,Cayuga,747.0
2023,Chautauqua,628.0
2023,Chemung,829.0
2023,Chenango,668.0
2023,Clinton,835.0
2023,Columbia,1028.0
2023,Cortland,789.0
2023,Delaware,687.0
2023,Dutchess,1333.0
2023,Erie,887.0
2023,Essex,746.0
2023,Franklin,690.0
2023,Fulton,710.0
2023,Genesee,760.0
2023,Greene,833.0
2023,Hamilton,710.0
2023,Herkimer,682.0
2023,Jefferson,1032.0
2023,Kings,1657.0
2023,Lewis,681.0
2023,Livingston,748.0
2023,Madison,767.0
2023,Monroe,993.0
2023,Montgomery,698.0
2023,Nassau,2005.0
2023,New York,2029.0
2023,Niagara,731.0
2023,Oneida,759.0
2023,Onondaga,931.0
2023,Ontario,937.0
2023,Orange,1379.0
2023,Orleans,677.0
2023,Oswego,780.0
2023,Otsego,797.0
2023,Putnam,1707.0
2023,Queens,1778.0
2023,Rensselaer,1036.0
2023,Richmond,1505.0
2023,Rockland,1647.0
2023,St. Lawrence,675.0
2023,Saratoga,1190.0
2023,Schenectady,965.0
2023,Schoharie,770.0
2023,Schuyler,681.0
2023,Seneca,767.0
2023,Steuben,711.0
2023,Suffolk,2023.0
2023,Sullivan,888.0
2023,Tioga,758.0
2023,Tompkins,1242.0
2023,Ulster,1145.0
2023,Warren,925.0
2023,Washington,825.0
2023,Wayne,746.0
2023,Westchester,1728.0
2023,Wyoming,602.0
2023,Yates,623.0
2024,Schoharie,820.2750067203579
2025,Schoharie,833.7210253137249
2026,Schoharie,839.5085720071843
2027,Schoharie,837.75560137503
2028,Schoharie,955.0382436740484
2029,Schoharie,968.4842622687528
2030,Schoharie,974.2718089606544
2024,Fulton,766.3205552199863
2025,Fulton,786.7597700030377
2026,Fulton,802.7840189129696
2027,Fulton,814.4314837473315
2028,Fulton,894.2991752126093
2029,Fulton,914.73838999555
2030,Fulton,930.7626389054582
2024,Rensselaer,1096.441697779169
2025,Rensselaer,1103.169924349227
2026,Rensselaer,1094.4701900611735
2027,Rensselaer,1070.5494989178917
2028,Rensselaer,1320.032125055429
2029,Rensselaer,1326.7603516252957
2030,Rensselaer,1318.0606173361186
2024,Franklin,775.0184198968698
2025,Franklin,827.0425660800782
2026,Franklin,884.16234549258
2027,Franklin,946.311331114846
2028,Franklin,917.2420750462284
2029,Franklin,969.2662212295796
2030,Franklin,1026.3860006422503
2024,Queens,1893.674939128636
2025,Queens,1922.2582577544893
2026,Queens,1934.0089520638048
2027,Queens,1929.093056271917
2028,Queens,2218.700091308286
2029,Queens,2247.283409933653
2030,Queens,2259.03410424288
2024,Washington,861.9313429050026
2025,Washington,860.1352085123602
2026,Washington,847.8791007933357
2027,Washington,825.2456681483301
2028,Washington,988.820777794186
2029,Washington,987.024643401224
2030,Washington,974.7685356823548
2024,New York,2245.8706410913824
2025,New York,2334.5175933788587
2026,New York,2411.8377267463748
2027,New York,2477.966975592948
2028,New York,2710.407745322605
2029,New York,2799.0546976098367
2030,New York,2876.3748309768844
2024,Cayuga,783.9868603350782
2025,Cayuga,788.7398618018883
2026,Cayuga,785.3000060556109
2027,Cayuga,773.745417361514
2028,Cayuga,897.6113770129766
2029,Cayuga,902.364378479566
2030,Cayuga,898.9245227332254
2024,Rockland,1695.8790547788883
2025,Rockland,1673.3401026476377
2026,Rockland,1619.963349450016
2027,Rockland,1536.178753087555
2028,Rockland,1986.9482968097889
2029,Rockland,1964.40934467869
2030,Rockland,1911.0325914803252
2024,Niagara,811.2469005337916
2025,Niagara,840.1120071448968
2026,Niagara,862.2089928579023
2027,Niagara,877.6007646672505
2028,Niagara,1005.6124631384952
2029,Niagara,1034.4775697494135
2030,Niagara,1056.574555462387
2024,Essex,745.6131350434354
2025,Essex,732.0871119510225
2026,Essex,708.9429508890639
2027,Essex,676.2430340271733
2028,Essex,822.7545618864326
2029,Essex,809.2285387936996
2030,Essex,786.0843777320562
2024,Nassau,2080.897998143654
2025,Nassau,2068.014793517044
2026,Nassau,2023.249304309964
2027,Nassau,1946.8885551098344
2028,Nassau,2435.4517442041056
2029,Nassau,2422.568539576544
2030,Nassau,2377.803050369585
2024,Jefferson,1109.4075517016518
2025,Jefferson,1130.590398636448
2026,Jefferson,1140.8256809254724
2027,Jefferson,1140.1953897311016
2028,Jefferson,1326.515306388388
2029,Jefferson,1347.6981533228611
2030,Jefferson,1357.9334356120469
2024,Suffolk,2083.567189994872
2025,Suffolk,2033.6521788180528
2026,Suffolk,1930.7714476875467
2027,Suffolk,1775.415284403156
2028,Suffolk,2493.463347147338
2029,Suffolk,2443.5483359694026
2030,Suffolk,2340.667604839812
2024,Wyoming,651.1885943338447
2025,Wyoming,675.1793265783197
2026,Wyoming,699.537139768106
2027,Wyoming,724.259106423589
2028,Wyoming,733.4371689405534
2029,Wyoming,757.4279011850604
2030,Wyoming,781.7857143747908
2024,Oswego,840.5491257725732
2025,Oswego,861.0655874705633
2026,Oswego,876.2599325551624
2027,Oswego,886.2044559255169
2028,Oswego,992.5885364936048
2029,Oswego,1013.104998191444
2030,Oswego,1028.2993432758483
2024,Wayne,806.5213168455173
2025,Wayne,826.171040671294
2026,Wayne,839.4946658443622
2027,Wayne,846.5421324360414
2028,Wayne,957.773426162154
2029,Wayne,977.4231499877552
2030,Wayne,990.746775160869
2024,Broome,797.8339374910988
2025,Broome,786.4088085663675
2026,Broome,760.2576305516804
2027,Broome,719.5256301626675
2028,Broome,920.7546163753428
2029,Broome,909.3294874502174
2030,Broome,883.1783094353661
2024,Erie,959.3783840614616
2025,Erie,975.4702667325888
2026,Erie,979.438788417186
2027,Erie,971.3739350129132
2028,Erie,1160.584146407895
2029,Erie,1176.676029078688
2030,Erie,1180.6445507634126
2024,Sullivan,921.2524570509512
2025,Sullivan,915.1343507149604
2026,Sullivan,895.7220275132221
2027,Sullivan,863.1242752979798
2028,Sullivan,1058.0406083424557
2029,Sullivan,1051.922502006077
2030,Sullivan,1032.5101788044467
2024,Orange,1416.233108157321
2025,Orange,1379.7277730750736
2026,Orange,1306.745462474144
2027,Orange,1197.5611555942269
2028,Orange,1708.074764454699
2029,Orange,1671.5694293713802
2030,Orange,1598.5871187723628
2024,Schuyler,698.080903373861
2025,Schuyler,715.7710244655028
2026,Schuyler,733.843085374935
2027,Schuyler,752.2921869825259
2028,Schuyler,762.5768552868998
2029,Schuyler,780.2669763785557
2030,Schuyler,798.3390372879933
2024,Chenango,703.0299411030818
2025,Chenango,701.1354256529669
2026,Chenango,686.3920520437105
2027,Chenango,658.8979950530525
2028,Chenango,846.4856732231084
2029,Chenango,844.5911577725402
2030,Chenango,829.8477841632637
2024,Bronx,1344.5890804726514
2025,Bronx,1346.654102945167
2026,Bronx,1333.9218767725347
2027,Bronx,1306.5248584744038
2028,Bronx,1546.1623688415398
2029,Bronx,1548.2273913136007
2030,Bronx,1535.4951651410624
2024,Onondaga,1013.3921783193044
2025,Onondaga,1043.0151104027511
2026,Onondaga,1065.0990079975727
2027,Onondaga,1079.79278624706
2028,Onondaga,1223.712532854269
2029,Onondaga,1253.3354649379626
2030,Onondaga,1275.4193625320222
2024,Seneca,806.380717169701
2025,Seneca,809.9947659876872
2026,Seneca,803.0752032317173
2027,Seneca,785.7807003545782
2028,Seneca,932.2078464407368
2029,Seneca,935.8218952596984
2030,Seneca,928.9023325029598
2024,Putnam,1848.004701453203
2025,Putnam,1879.790820594643
2026,Putnam,1881.82670455136
2027,Putnam,1854.2456447007776
2028,Putnam,2298.3422746834217
2029,Putnam,2330.1283938240185
2030,Putnam,2332.164277781807
2024,Herkimer,696.4800303278554
2025,Herkimer,680.2721345742655
2026,Herkimer,648.688029757072
2027,Herkimer,601.9545890746882
2028,Herkimer,822.2401705951631
2029,Herkimer,806.032274841164
2030,Herkimer,774.4481700228155
2024,Ontario,972.5410925448934
2025,Ontario,959.40073787084
2026,Ontario,928.114997157812
2027,Ontario,878.8247786258792
2028,Ontario,1152.0739064241393
2029,Ontario,1138.933551749525
2030,Ontario,1107.6478110367902
2024,Steuben,806.4784809551552
2025,Steuben,853.6961012111485
2026,Steuben,900.3926630680662
2027,Steuben,946.4391181008604
2028,Steuben,1009.110720143026
2029,Steuben,1056.328340398295
2030,Steuben,1103.024902256397
2024,Hamilton,803.340383878661
2025,Hamilton,859.1197865233319
2026,Hamilton,921.0259262748812
2027,Hamilton,989.0212256202708
2028,Hamilton,948.5025251824782
2029,Hamilton,1004.2819278273424
2030,Hamilton,1066.1880675787038
2024,Chautauqua,646.2085691151541
2025,Chautauqua,637.5748359816255
2026,Chautauqua,617.256133856149
2027,Chautauqua,585.3838951636997
2028,Chautauqua,750.3284973069717
2029,Chautauqua,741.6947641730059
2030,Chautauqua,721.3760620475507
2024,Kings,1766.419797674166
2025,Kings,1780.0557592078308
2026,Kings,1768.981574275601
2027,Kings,1733.4171853150583
2028,Kings,2114.213851181991
2029,Kings,2127.8498127149664
2030,Kings,2116.775627782742
2024,Tioga,810.9676614745799
2025,Tioga,821.896538681766
2026,Tioga,825.3901427802956
2027,Tioga,821.5121611686984
2028,Tioga,951.3513951386408
2029,Tioga,962.2802723455992
2030,Tioga,965.7738764442004
2024,Orleans,726.0856532022731
2025,Orleans,738.4805948005625
2026,Orleans,745.2028410813263
2027,Orleans,746.2981457340798
2028,Orleans,836.3010637793398
2029,Orleans,848.6960053774823
2030,Orleans,855.4182516582537
2024,Saratoga,1243.7437205920398
2025,Saratoga,1249.4162768713368
2026,Saratoga,1240.9468489820504
2027,Saratoga,1218.3573896686291
2028,Saratoga,1433.9800371643664
2029,Saratoga,1439.6525934420326
2030,Saratoga,1431.183165552634
2024,Columbia,1062.252363056485
2025,Columbia,1034.7590312319314
2026,Columbia,977.77384156304
2027,Columbia,891.5509097267059
2028,Columbia,1299.075200843847
2029,Columbia,1271.5818690185013
2030,Columbia,1214.596679351527
2024,Lewis,645.8034016146264
2025,Lewis,630.0540228363329
2026,Lewis,603.465076693107
2027,Lewis,566.1103168326063
2028,Lewis,715.184127230975
2029,Lewis,699.4347484523557
2030,Lewis,672.8458023093661
2024,Westchester,1755.960119837922
2025,Westchester,1710.5783022585945
2026,Westchester,1625.5136023758744
2027,Westchester,1500.7749178086945
2028,Westchester,2036.063407520292
2029,Westchester,1990.681589935128
2030,Westchester,1905.6168900586504
2024,Delaware,792.9351386580012
2025,Delaware,854.8148079569224
2026,Delaware,922.5835848253006
2027,Delaware,996.1908657337328
2028,Delaware,962.1639207917246
2029,Delaware,1024.043590092121
2030,Delaware,1091.8123669603406
2024,Montgomery,712.0216149811204
2025,Montgomery,706.08972499339
2026,Montgomery,690.7679021877084
2027,Montgomery,666.1069086334786
2028,Montgomery,792.3659624731464
2029,Montgomery,786.4340724851517
2030,Montgomery,771.1122496797382
2024,Richmond,1622.8958672635172
2025,Richmond,1654.840735066181
2026,Richmond,1668.8839470911844
2027,Richmond,1665.151592632834
2028,Richmond,1964.6712468108408
2029,Richmond,1996.6161146145664
2030,Richmond,2010.659326644888
2024,St. Lawrence,691.4781546566397
2025,St. Lawrence,685.7192344631369
2026,St. Lawrence,670.4867229302491
2027,St. Lawrence,645.6871578398791
2028,St. Lawrence,800.9747248325513
2029,St. Lawrence,795.2158046378756
2030,St. Lawrence,779.9832931065044
2024,Tompkins,1263.7633000342344
2025,Tompkins,1251.241742786949
2026,Tompkins,1221.0828002303776
2027,Tompkins,1173.3972411165123
2028,Tompkins,1445.919690724259
2029,Tompkins,1433.3981334764003
2030,Tompkins,1403.239190920396
2024,Warren,1014.5430449354031
2025,Warren,1056.4993161909094
2026,Warren,1098.3495263921425
2027,Warren,1140.1085822797688
2028,Warren,1186.3313279044246
2029,Warren,1228.2875991599303
2030,Warren,1270.137809361048
2024,Cortland,804.4292903776424
2025,Cortland,801.9349658949095
2026,Cortland,790.5098805306154
2027,Cortland,770.2190438453404
2028,Cortland,902.2270327107008
2029,Cortland,899.7327082277043
2030,Cortland,888.3076228635587
2024,Dutchess,1467.3741292344807
2025,Dutchess,1519.9908925256136
2026,Dutchess,1563.706941437689
2027,Dutchess,1598.64548287412
2028,Dutchess,1824.5157486053763
2029,Dutchess,1877.132511896193
2030,Dutchess,1920.848560808088
2024,Monroe,1017.33595650314
2025,Monroe,993.9364681676002
2026,Monroe,947.0653785039632
2027,Monroe,876.9500698744456
2028,Monroe,1205.6648900984342
2029,Monroe,1182.2654017620737
2030,Monroe,1135.3943120982244
2024,Oneida,812.4306164569573
2025,Oneida,824.4120146288905
2026,Oneida,827.5150492846561
2027,Oneida,821.8166955442003
2028,Oneida,970.481941065202
2029,Oneida,982.463339236872
2030,Oneida,985.5663738926862
2024,Ulster,1223.6206363730826
2025,Ulster,1235.4038940457028
2026,Ulster,1230.0899112152222
2027,Ulster,1207.8358199838124
2028,Ulster,1472.7720000794734
2029,Ulster,1484.555257751619
2030,Ulster,1479.2412749210844
2024,Chemung,889.2058746835596
2025,Chemung,907.7788358411506
2026,Chemung,920.7148954758848
2027,Chemung,928.0760353507768
2028,Chemung,1043.547525650989
2029,Chemung,1062.1204868083987
2030,Chemung,1075.056546443098
2024,Livingston,766.0100181601186
2025,Livingston,752.4800779969175
2026,Livingston,725.9279346134583
2027,Livingston,686.4613978064237
2028,Livingston,876.5814237951917
2029,Livingston,863.051483631596
2030,Livingston,836.4993402482744
2024,Otsego,832.6740600378142
2025,Otsego,833.6037358003412
2026,Otsego,824.2918953059858
2027,Otsego,804.827935176584
2028,Otsego,976.7321823187588
2029,Otsego,977.6618580809557
2030,Otsego,968.3500175867248
2024,Clinton,819.4888233917436
2025,Clinton,773.3437339054826
2026,Clinton,701.9300522056463
2027,Clinton,605.550654430529
2028,Clinton,933.9000598412669
2029,Clinton,887.7549703540451
2030,Clinton,816.3412886537318
2024,Greene,853.3973810682039
2025,Greene,838.2231856343165
2026,Greene,810.5271943762191
2027,Greene,770.4072994618401
2028,Greene,958.4813576572558
2029,Greene,943.3071622229704
2030,Greene,915.6111709651022
2024,Albany,1211.4521395010788
2025,Albany,1239.191914145758
2026,Albany,1253.5061965694674
2027,Albany,1254.5987606323872
2028,Albany,1493.1003439480137
2029,Albany,1520.8401185918055
2030,Albany,1535.1544010162413
2024,Allegany,578.0152378577056
2025,Allegany,570.1427814320797
2026,Allegany,555.4175152765486
2027,Allegany,533.894540079838
2028,Allegany,635.6196071779218
2029,Allegany,627.7471507520823
2030,Allegany,613.0218845966521
2024,Cattaraugus,632.9787715574403
2025,Cattaraugus,642.6380728109006
2026,Cattaraugus,646.8475593160779
2027,Cattaraugus,645.6513455282858
2028,Cattaraugus,734.0057896887865
2029,Cattaraugus,743.6650909420971
2030,Cattaraugus,747.8745774473033
2024,Madison,825.9024030308906
2025,Madison,837.9900027017854
2026,Madison,839.7124703833683
2027,Madison,831.1541214880044
2028,Madison,1005.417031538014
2029,Madison,1017.5046312085964
2030,Madison,1019.2270988902987
2024,Schenectady,1043.5666770334165
2025,Schenectady,1070.29276457173
2026,Schenectady,1089.629795346675
2027,Schenectady,1101.650381620044
2028,Schenectady,1244.420914033867
2029,Schenectady,1271.1470015719642
2030,Schenectady,1290.4840323468816
2024,Genesee,842.5772530900826
2025,Genesee,881.827629040886
2026,Genesee,919.853651780786
2027,Genesee,956.6665607587356
2028,Genesee,1018.1184833996332
2029,Genesee,1057.368859350394
2030,Genesee,1095.394882090314
2024,Yates,587.7742269545926
2025,Yates,533.5964718515172
2026,Yates,459.8031200623332
2027,Yates,366.5382219303357
2028,Yates,618.2891476772538
2029,Yates,564.1113925735763
2030,Yates,490.318040784768
