Year,County,State,Median_Gross_Rent,Median_Home_Value,Median_Property_Tax,Owner_Cost_With_Mortgage,Owner_Cost_Without_Mortgage,Owner_Cost_Annual,Cumulative_Rent,Cumulative_Owner,Adjusted_Cumulative_Owner,Net_Difference_Savings,Cumulative_Rent_k,Adjusted_Cumulative_Owner_k,Net_Difference_Savings_k
2015,Albany,New York,919,208400,4200,1276,72000,1276,919,1276,-248724,249643,0.919,-248.724,249.643
2016,Albany,New York,931,211100,4321,1270,71279,1270,1850,2546,-247454,249304,1.85,-247.454,249.304
2017,Albany,New York,969,214400,4465,1291,71274,1291,2819,3837,-246163,248982,2.819,-246.163,248.982
2018,Albany,New York,993,218100,4577,1321,71253,1321,3812,5158,-244842,248654,3.812,-244.842,248.654
2019,Albany,New York,1022,222500,4666,1322,71341,1322,4834,6480,-243520,248354,4.834,-243.52,248.354
2020,Albany,New York,1057,230300,4726,1314,71829,1314,5891,7794,-242206,248097,5.891,-242.206,248.097
2021,Albany,New York,1113,235200,4835,1361,74905,1361,7004,9155,-240845,247849,7.004,-240.845,247.849
2022,Albany,New York,1196,263800,5114,1436,74707,1436,8200,10591,-239409,247609,8.2,-239.409,247.609
2023,Albany,New York,1252,277400,5253,1483,75285,1483,9452,12074,-237926,247378,9.452,-237.926,247.378
2015,Allegany,New York,606,70300,2320,680,13373,680,606,680,-249320,249926,0.606,-249.32,249.926
2016,Allegany,New York,618,72100,2367,661,13334,661,1224,1341,-248659,249883,1.224,-248.659,249.883
2017,Allegany,New York,633,73300,2421,659,13463,659,1857,2000,-248000,249857,1.857,-248.0,249.857
2018,Allegany,New York,645,73900,2420,665,13533,665,2502,2665,-247335,249837,2.502,-247.335,249.837
2019,Allegany,New York,658,76400,2479,663,13678,663,3160,3328,-246672,249832,3.16,-246.672,249.832
2020,Allegany,New York,659,78400,2574,678,14266,678,3819,4006,-245994,249813,3.819,-245.994,249.813
2021,Allegany,New York,686,80900,2607,688,13502,688,4505,4694,-245306,249811,4.505,-245.306,249.811
2022,Allegany,New York,735,93200,2814,744,13584,744,5240,5438,-244562,249802,5.24,-244.562,249.802
2023,Allegany,New York,754,97900,2881,762,13698,762,5994,6200,-243800,249794,5.994,-243.8,249.794
2015,Bronx,New York,1074,363400,3337,1499,91993,1499,1074,1499,-248501,249575,1.074,-248.501,249.575
2016,Bronx,New York,1098,363600,3464,1480,93569,1480,2172,2979,-247021,249193,2.172,-247.021,249.193
2017,Bronx,New York,1133,371800,3594,1472,97658,1472,3305,4451,-245549,248854,3.305,-245.549,248.854
2018,Bronx,New York,1176,382900,3762,1523,97983,1523,4481,5974,-244026,248507,4.481,-244.026,248.507
2019,Bronx,New York,1212,404700,3932,1537,99212,1537,5693,7511,-242489,248182,5.693,-242.489,248.182
2020,Bronx,New York,1247,427900,4208,1557,102325,1557,6940,9068,-240932,247872,6.94,-240.932,247.872
2021,Bronx,New York,1306,445900,4567,1641,103443,1641,8246,10709,-239291,247537,8.246,-239.291,247.537
2022,Bronx,New York,1401,501400,4984,1716,104887,1716,9647,12425,-237575,247222,9.647,-237.575,247.222
2023,Bronx,New York,1436,517000,5310,1777,107439,1777,11083,14202,-235798,246881,11.083,-235.798,246.881
2015,Broome,New York,703,109900,2928,846,51992,846,703,846,-249154,249857,0.703,-249.154,249.857
2016,Broome,New York,717,112300,3053,843,51475,843,1420,1689,-248311,249731,1.42,-248.311,249.731
2017,Broome,New York,734,113100,3133,855,51769,855,2154,2544,-247456,249610,2.154,-247.456,249.61
2018,Broome,New York,766,115600,3200,877,51327,877,2920,3421,-246579,249499,2.92,-246.579,249.499
2019,Broome,New York,776,117000,3279,869,51189,869,3696,4290,-245710,249406,3.696,-245.71,249.406
2020,Broome,New York,782,120200,3397,853,51780,853,4478,5143,-244857,249335,4.478,-244.857,249.335
2021,Broome,New York,806,122200,3480,885,52654,885,5284,6028,-243972,249256,5.284,-243.972,249.256
2022,Broome,New York,882,139200,3698,959,52748,959,6166,6987,-243013,249179,6.166,-243.013,249.179
2023,Broome,New York,914,145100,3824,983,52810,983,7080,7970,-242030,249110,7.08,-242.03,249.11
2015,Cattaraugus,New York,617,84600,2564,725,22560,725,617,725,-249275,249892,0.617,-249.275,249.892
2016,Cattaraugus,New York,616,85100,2608,720,22606,720,1233,1445,-248555,249788,1.233,-248.555,249.788
2017,Cattaraugus,New York,626,86500,2689,730,22617,730,1859,2175,-247825,249684,1.859,-247.825,249.684
2018,Cattaraugus,New York,639,86200,2706,729,22458,729,2498,2904,-247096,249594,2.498,-247.096,249.594
2019,Cattaraugus,New York,655,88100,2722,726,22778,726,3153,3630,-246370,249523,3.153,-246.37,249.523
2020,Cattaraugus,New York,654,90200,2789,732,23090,732,3807,4362,-245638,249445,3.807,-245.638,249.445
2021,Cattaraugus,New York,682,92500,2813,728,22737,728,4489,5090,-244910,249399,4.489,-244.91,249.399
2022,Cattaraugus,New York,745,105100,2902,768,23220,768,5234,5858,-244142,249376,5.234,-244.142,249.376
2023,Cattaraugus,New York,759,109400,2946,767,23732,767,5993,6625,-243375,249368,5.993,-243.375,249.368
2015,Cayuga,New York,673,113600,2944,900,22028,900,673,900,-249100,249773,0.673,-249.1,249.773
2016,Cayuga,New York,695,117800,3007,887,21993,887,1368,1787,-248213,249581,1.368,-248.213,249.581
2017,Cayuga,New York,715,120000,2997,903,22255,903,2083,2690,-247310,249393,2.083,-247.31,249.393
2018,Cayuga,New York,747,123000,3052,929,22189,929,2830,3619,-246381,249211,2.83,-246.381,249.211
2019,Cayuga,New York,763,128000,3163,927,22251,927,3593,4546,-245454,249047,3.593,-245.454,249.047
2020,Cayuga,New York,769,131700,3193,910,21886,910,4362,5456,-244544,248906,4.362,-244.544,248.906
2021,Cayuga,New York,799,138200,3345,964,21571,964,5161,6420,-243580,248741,5.161,-243.58,248.741
2022,Cayuga,New York,868,158900,3727,1026,21643,1026,6029,7446,-242554,248583,6.029,-242.554,248.583
2023,Cayuga,New York,895,164200,3747,1051,22533,1051,6924,8497,-241503,248427,6.924,-241.503,248.427
2015,Chautauqua,New York,612,84500,2371,713,37284,713,612,713,-249287,249899,0.612,-249.287,249.899
2016,Chautauqua,New York,619,85500,2422,699,36888,699,1231,1412,-248588,249819,1.231,-248.588,249.819
2017,Chautauqua,New York,631,85800,2460,702,37098,702,1862,2114,-247886,249748,1.862,-247.886,249.748
2018,Chautauqua,New York,649,86300,2479,708,36802,708,2511,2822,-247178,249689,2.511,-247.178,249.689
2019,Chautauqua,New York,659,88000,2520,699,36755,699,3170,3521,-246479,249649,3.17,-246.479,249.649
2020,Chautauqua,New York,675,92900,2605,709,36795,709,3845,4230,-245770,249615,3.845,-245.77,249.615
2021,Chautauqua,New York,694,96000,2632,723,36515,723,4539,4953,-245047,249586,4.539,-245.047,249.586
2022,Chautauqua,New York,759,110900,2784,776,36891,776,5298,5729,-244271,249569,5.298,-244.271,249.569
2023,Chautauqua,New York,797,119300,2846,785,37020,785,6095,6514,-243486,249581,6.095,-243.486,249.581
2015,Chemung,New York,713,100400,2580,812,24286,812,713,812,-249188,249901,0.713,-249.188,249.901
2016,Chemung,New York,723,101800,2609,816,23815,816,1436,1628,-248372,249808,1.436,-248.372,249.808
2017,Chemung,New York,764,105500,2733,835,23609,835,2200,2463,-247537,249737,2.2,-247.537,249.737
2018,Chemung,New York,805,106500,2798,847,23349,847,3005,3310,-246690,249695,3.005,-246.69,249.695
2019,Chemung,New York,813,105800,2831,839,23217,839,3818,4149,-245851,249669,3.818,-245.851,249.669
2020,Chemung,New York,862,108900,2872,829,23069,829,4680,4978,-245022,249702,4.68,-245.022,249.702
2021,Chemung,New York,918,114600,3092,851,23353,851,5598,5829,-244171,249769,5.598,-244.171,249.769
2022,Chemung,New York,991,128200,3267,916,23801,916,6589,6745,-243255,249844,6.589,-243.255,249.844
2023,Chemung,New York,1020,132100,3332,952,24384,952,7609,7697,-242303,249912,7.609,-242.303,249.912
2015,Chenango,New York,637,91700,2300,736,14785,736,637,736,-249264,249901,0.637,-249.264,249.901
2016,Chenango,New York,632,93400,2390,735,14968,735,1269,1471,-248529,249798,1.269,-248.529,249.798
2017,Chenango,New York,645,95900,2451,730,15265,730,1914,2201,-247799,249713,1.914,-247.799,249.713
2018,Chenango,New York,667,97000,2537,745,15370,745,2581,2946,-247054,249635,2.581,-247.054,249.635
2019,Chenango,New York,678,98400,2545,745,15414,745,3259,3691,-246309,249568,3.259,-246.309,249.568
2020,Chenango,New York,692,102300,2722,766,15574,766,3951,4457,-245543,249494,3.951,-245.543,249.494
2021,Chenango,New York,714,107900,2830,810,15063,810,4665,5267,-244733,249398,4.665,-244.733,249.398
2022,Chenango,New York,798,121100,2966,883,15170,883,5463,6150,-243850,249313,5.463,-243.85,249.313
2023,Chenango,New York,819,128100,3061,905,15112,905,6282,7055,-242945,249227,6.282,-242.945,249.227
2015,Clinton,New York,744,124200,2540,836,21713,836,744,836,-249164,249908,0.744,-249.164,249.908
2016,Clinton,New York,748,127500,2554,812,21598,812,1492,1648,-248352,249844,1.492,-248.352,249.844
2017,Clinton,New York,762,129000,2652,821,21542,821,2254,2469,-247531,249785,2.254,-247.531,249.785
2018,Clinton,New York,796,132000,2697,841,21264,841,3050,3310,-246690,249740,3.05,-246.69,249.74
2019,Clinton,New York,810,134100,2719,844,20810,844,3860,4154,-245846,249706,3.86,-245.846,249.706
2020,Clinton,New York,835,139600,2864,858,21421,858,4695,5012,-244988,249683,4.695,-244.988,249.683
2021,Clinton,New York,872,143800,2997,933,22113,933,5567,5945,-244055,249622,5.567,-244.055,249.622
2022,Clinton,New York,944,165200,3351,1016,22542,1016,6511,6961,-243039,249550,6.511,-243.039,249.55
2023,Clinton,New York,956,175100,3461,1009,22911,1009,7467,7970,-242030,249497,7.467,-242.03,249.497
2015,Columbia,New York,884,222100,4216,1204,18141,1204,884,1204,-248796,249680,0.884,-248.796,249.68
2016,Columbia,New York,877,222300,4224,1166,18331,1166,1761,2370,-247630,249391,1.761,-247.63,249.391
2017,Columbia,New York,886,224600,4334,1164,18429,1164,2647,3534,-246466,249113,2.647,-246.466,249.113
2018,Columbia,New York,931,231100,4469,1170,18201,1170,3578,4704,-245296,248874,3.578,-245.296,248.874
2019,Columbia,New York,928,233600,4392,1175,18403,1175,4506,5879,-244121,248627,4.506,-244.121,248.627
2020,Columbia,New York,944,236500,4339,1153,18530,1153,5450,7032,-242968,248418,5.45,-242.968,248.418
2021,Columbia,New York,992,250600,4502,1213,18332,1213,6442,8245,-241755,248197,6.442,-241.755,248.197
2022,Columbia,New York,1114,283700,4854,1322,18868,1322,7556,9567,-240433,247989,7.556,-240.433,247.989
2023,Columbia,New York,1199,309800,4795,1354,19668,1354,8755,10921,-239079,247834,8.755,-239.079,247.834
2015,Cortland,New York,684,108200,3418,911,11788,911,684,911,-249089,249773,0.684,-249.089,249.773
2016,Cortland,New York,700,111400,3487,917,11511,917,1384,1828,-248172,249556,1.384,-248.172,249.556
2017,Cortland,New York,742,113900,3610,928,11598,928,2126,2756,-247244,249370,2.126,-247.244,249.37
2018,Cortland,New York,764,118100,3716,940,11710,940,2890,3696,-246304,249194,2.89,-246.304,249.194
2019,Cortland,New York,778,123800,3848,951,11648,951,3668,4647,-245353,249021,3.668,-245.353,249.021
2020,Cortland,New York,787,126700,3843,934,11906,934,4455,5581,-244419,248874,4.455,-244.419,248.874
2021,Cortland,New York,811,130000,3843,951,12296,951,5266,6532,-243468,248734,5.266,-243.468,248.734
2022,Cortland,New York,884,148200,4035,1016,12213,1016,6150,7548,-242452,248602,6.15,-242.452,248.602
2023,Cortland,New York,911,158100,4184,1084,12460,1084,7061,8632,-241368,248429,7.061,-241.368,248.429
2015,Delaware,New York,668,132400,2554,758,14000,758,668,758,-249242,249910,0.668,-249.242,249.91
2016,Delaware,New York,682,135200,2636,749,13787,749,1350,1507,-248493,249843,1.35,-248.493,249.843
2017,Delaware,New York,696,138000,2748,754,14008,754,2046,2261,-247739,249785,2.046,-247.739,249.785
2018,Delaware,New York,696,136300,2743,788,14132,788,2742,3049,-246951,249693,2.742,-246.951,249.693
2019,Delaware,New York,691,139300,2746,777,14010,777,3433,3826,-246174,249607,3.433,-246.174,249.607
2020,Delaware,New York,700,144000,2781,767,14296,767,4133,4593,-245407,249540,4.133,-245.407,249.54
2021,Delaware,New York,723,147600,2812,808,14054,808,4856,5401,-244599,249455,4.856,-244.599,249.455
2022,Delaware,New York,785,160400,2938,889,14490,889,5641,6290,-243710,249351,5.641,-243.71,249.351
2023,Delaware,New York,848,176200,3059,944,14530,944,6489,7234,-242766,249255,6.489,-242.766,249.255
2015,Dutchess,New York,1130,275600,5826,1791,73727,1791,1130,1791,-248209,249339,1.13,-248.209,249.339
2016,Dutchess,New York,1141,274300,5935,1770,73505,1770,2271,3561,-246439,248710,2.271,-246.439,248.71
2017,Dutchess,New York,1174,275200,6047,1772,74264,1772,3445,5333,-244667,248112,3.445,-244.667,248.112
2018,Dutchess,New York,1194,278100,6192,1776,73809,1776,4639,7109,-242891,247530,4.639,-242.891,247.53
2019,Dutchess,New York,1220,282000,6390,1748,74540,1748,5859,8857,-241143,247002,5.859,-241.143,247.002
2020,Dutchess,New York,1237,290700,6458,1700,75080,1700,7096,10557,-239443,246539,7.096,-239.443,246.539
2021,Dutchess,New York,1314,304600,6674,1770,76956,1770,8410,12327,-237673,246083,8.41,-237.673,246.083
2022,Dutchess,New York,1425,348700,7135,1890,78430,1890,9835,14217,-235783,245618,9.835,-235.783,245.618
2023,Dutchess,New York,1522,368100,7226,1924,79284,1924,11357,16141,-233859,245216,11.357,-233.859,245.216
2015,Erie,New York,739,130000,3499,938,248889,938,739,938,-249062,249801,0.739,-249.062,249.801
2016,Erie,New York,752,134600,3582,941,249815,941,1491,1879,-248121,249612,1.491,-248.121,249.612
2017,Erie,New York,778,139900,3686,951,251212,951,2269,2830,-247170,249439,2.269,-247.17,249.439
2018,Erie,New York,804,146500,3781,968,251238,968,3073,3798,-246202,249275,3.073,-246.202,249.275
2019,Erie,New York,829,153400,3891,985,251583,985,3902,4783,-245217,249119,3.902,-245.217,249.119
2020,Erie,New York,852,160700,3972,979,254697,979,4754,5762,-244238,248992,4.754,-244.238,248.992
2021,Erie,New York,893,169100,4107,1014,262725,1014,5647,6776,-243224,248871,5.647,-243.224,248.871
2022,Erie,New York,984,197400,4392,1086,264980,1086,6631,7862,-242138,248769,6.631,-242.138,248.769
2023,Erie,New York,1037,217400,4525,1125,267519,1125,7668,8987,-241013,248681,7.668,-241.013,248.681
2015,Essex,New York,805,145100,2424,826,11275,826,805,826,-249174,249979,0.805,-249.174,249.979
2016,Essex,New York,792,144100,2482,814,11316,814,1597,1640,-248360,249957,1.597,-248.36,249.957
2017,Essex,New York,798,146900,2581,866,11600,866,2395,2506,-247494,249889,2.395,-247.494,249.889
2018,Essex,New York,802,151900,2645,879,11663,879,3197,3385,-246615,249812,3.197,-246.615,249.812
2019,Essex,New York,812,153600,2766,876,11903,876,4009,4261,-245739,249748,4.009,-245.739,249.748
2020,Essex,New York,810,160400,2812,879,12363,879,4819,5140,-244860,249679,4.819,-244.86,249.679
2021,Essex,New York,845,162700,3103,956,12038,956,5664,6096,-243904,249568,5.664,-243.904,249.568
2022,Essex,New York,875,189500,3285,1013,12129,1013,6539,7109,-242891,249430,6.539,-242.891,249.43
2023,Essex,New York,890,200000,3111,1024,12520,1024,7429,8133,-241867,249296,7.429,-241.867,249.296
2015,Franklin,New York,671,101600,2019,743,13927,743,671,743,-249257,249928,0.671,-249.257,249.928
2016,Franklin,New York,666,100900,1983,735,13956,735,1337,1478,-248522,249859,1.337,-248.522,249.859
2017,Franklin,New York,670,102200,2136,738,13820,738,2007,2216,-247784,249791,2.007,-247.784,249.791
2018,Franklin,New York,702,105500,2257,765,13829,765,2709,2981,-247019,249728,2.709,-247.019,249.728
2019,Franklin,New York,703,108700,2281,741,13577,741,3412,3722,-246278,249690,3.412,-246.278,249.69
2020,Franklin,New York,706,110600,2262,739,13607,739,4118,4461,-245539,249657,4.118,-245.539,249.657
2021,Franklin,New York,751,118800,2282,766,13203,766,4869,5227,-244773,249642,4.869,-244.773,249.642
2022,Franklin,New York,788,131600,2370,823,13423,823,5657,6050,-243950,249607,5.657,-243.95,249.607
2023,Franklin,New York,819,128600,2418,838,13692,838,6476,6888,-243112,249588,6.476,-243.112,249.588
2015,Fulton,New York,711,108200,2648,811,15684,811,711,811,-249189,249900,0.711,-249.189,249.9
2016,Fulton,New York,722,108300,2719,794,15808,794,1433,1605,-248395,249828,1.433,-248.395,249.828
2017,Fulton,New York,734,107600,2727,791,16085,791,2167,2396,-247604,249771,2.167,-247.604,249.771
2018,Fulton,New York,759,108700,2748,792,16036,792,2926,3188,-246812,249738,2.926,-246.812,249.738
2019,Fulton,New York,779,109600,2827,778,15942,778,3705,3966,-246034,249739,3.705,-246.034,249.739
2020,Fulton,New York,777,120100,2894,794,15612,794,4482,4760,-245240,249722,4.482,-245.24,249.722
2021,Fulton,New York,792,124500,3082,842,14965,842,5274,5602,-244398,249672,5.274,-244.398,249.672
2022,Fulton,New York,855,142000,3217,923,15265,923,6129,6525,-243475,249604,6.129,-243.475,249.604
2023,Fulton,New York,883,156100,3325,963,15645,963,7012,7488,-242512,249524,7.012,-242.512,249.524
2015,Genesee,New York,724,107000,3047,894,17467,894,724,894,-249106,249830,0.724,-249.106,249.83
2016,Genesee,New York,716,108700,3114,891,17456,891,1440,1785,-248215,249655,1.44,-248.215,249.655
2017,Genesee,New York,748,111900,3195,894,17369,894,2188,2679,-247321,249509,2.188,-247.321,249.509
2018,Genesee,New York,746,117600,3310,924,17201,924,2934,3603,-246397,249331,2.934,-246.397,249.331
2019,Genesee,New York,747,119800,3354,926,17168,926,3681,4529,-245471,249152,3.681,-245.471,249.152
2020,Genesee,New York,786,125200,3456,916,17501,916,4467,5445,-244555,249022,4.467,-244.555,249.022
2021,Genesee,New York,808,130100,3574,934,17756,934,5275,6379,-243621,248896,5.275,-243.621,248.896
2022,Genesee,New York,866,148600,3798,1022,17919,1022,6141,7401,-242599,248740,6.141,-242.599,248.74
2023,Genesee,New York,909,157800,3958,1078,18381,1078,7050,8479,-241521,248571,7.05,-241.521,248.571
2015,Greene,New York,837,177700,2989,1022,13261,1022,837,1022,-248978,249815,0.837,-248.978,249.815
2016,Greene,New York,856,175900,2996,983,12895,983,1693,2005,-247995,249688,1.693,-247.995,249.688
2017,Greene,New York,876,176100,2992,989,12960,989,2569,2994,-247006,249575,2.569,-247.006,249.575
2018,Greene,New York,906,174700,3151,1001,12681,1001,3475,3995,-246005,249480,3.475,-246.005,249.48
2019,Greene,New York,908,176300,3277,1036,12796,1036,4383,5031,-244969,249352,4.383,-244.969,249.352
2020,Greene,New York,925,185600,3511,977,13550,977,5308,6008,-243992,249300,5.308,-243.992,249.3
2021,Greene,New York,963,190000,3668,1036,13438,1036,6271,7044,-242956,249227,6.271,-242.956,249.227
2022,Greene,New York,1013,229500,4048,1154,13589,1154,7284,8198,-241802,249086,7.284,-241.802,249.086
2023,Greene,New York,993,248300,4116,1261,14107,1261,8277,9459,-240541,248818,8.277,-240.541,248.818
2015,Hamilton,New York,622,162600,2036,663,1177,663,622,663,-249337,249959,0.622,-249.337,249.959
2016,Hamilton,New York,733,165500,1866,699,1055,699,1355,1362,-248638,249993,1.355,-248.638,249.993
2017,Hamilton,New York,713,164000,1825,743,927,743,2068,2105,-247895,249963,2.068,-247.895,249.963
2018,Hamilton,New York,761,164900,1839,755,963,755,2829,2860,-247140,249969,2.829,-247.14,249.969
2019,Hamilton,New York,783,166000,1690,643,1003,643,3612,3503,-246497,250109,3.612,-246.497,250.109
2020,Hamilton,New York,841,170500,1834,767,1208,767,4453,4270,-245730,250183,4.453,-245.73,250.183
2021,Hamilton,New York,873,170600,1821,743,1261,743,5326,5013,-244987,250313,5.326,-244.987,250.313
2022,Hamilton,New York,902,204900,2197,823,1465,823,6228,5836,-244164,250392,6.228,-244.164,250.392
2023,Hamilton,New York,860,242000,2369,805,1741,805,7088,6641,-243359,250447,7.088,-243.359,250.447
2015,Herkimer,New York,623,96100,2423,750,18556,750,623,750,-249250,249873,0.623,-249.25,249.873
2016,Herkimer,New York,636,97300,2437,741,18066,741,1259,1491,-248509,249768,1.259,-248.509,249.768
2017,Herkimer,New York,657,95800,2444,728,18053,728,1916,2219,-247781,249697,1.916,-247.781,249.697
2018,Herkimer,New York,680,97200,2500,733,17821,733,2596,2952,-247048,249644,2.596,-247.048,249.644
2019,Herkimer,New York,675,100000,2607,728,18052,728,3271,3680,-246320,249591,3.271,-246.32,249.591
2020,Herkimer,New York,680,106600,2709,744,18647,744,3951,4424,-245576,249527,3.951,-245.576,249.527
2021,Herkimer,New York,709,110500,2747,764,18270,764,4660,5188,-244812,249472,4.66,-244.812,249.472
2022,Herkimer,New York,776,130900,3023,848,18744,848,5436,6036,-243964,249400,5.436,-243.964,249.4
2023,Herkimer,New York,811,135000,3067,875,19296,875,6247,6911,-243089,249336,6.247,-243.089,249.336
2015,Jefferson,New York,947,141000,2331,886,24610,886,947,886,-249114,250061,0.947,-249.114,250.061
2016,Jefferson,New York,943,144400,2367,870,24333,870,1890,1756,-248244,250134,1.89,-248.244,250.134
2017,Jefferson,New York,966,149300,2448,888,24012,888,2856,2644,-247356,250212,2.856,-247.356,250.212
2018,Jefferson,New York,979,149500,2486,887,24108,887,3835,3531,-246469,250304,3.835,-246.469,250.304
2019,Jefferson,New York,987,149900,2514,893,24135,893,4822,4424,-245576,250398,4.822,-245.576,250.398
2020,Jefferson,New York,1018,150100,2575,880,23980,880,5840,5304,-244696,250536,5.84,-244.696,250.536
2021,Jefferson,New York,1072,154000,2642,950,25121,950,6912,6254,-243746,250658,6.912,-243.746,250.658
2022,Jefferson,New York,1143,169600,2778,1039,25123,1039,8055,7293,-242707,250762,8.055,-242.707,250.762
2023,Jefferson,New York,1214,181000,2851,1076,25278,1076,9269,8369,-241631,250900,9.269,-241.631,250.9
2015,Kings,New York,1215,570200,3656,1834,272717,1834,1215,1834,-248166,249381,1.215,-248.166,249.381
2016,Kings,New York,1262,590500,3834,1822,276447,1822,2477,3656,-246344,248821,2.477,-246.344,248.821
2017,Kings,New York,1314,623900,4074,1844,283752,1844,3791,5500,-244500,248291,3.791,-244.5,248.291
2018,Kings,New York,1374,665300,4358,1893,285330,1893,5165,7393,-242607,247772,5.165,-242.607,247.772
2019,Kings,New York,1426,706000,4636,1944,288632,1944,6591,9337,-240663,247254,6.591,-240.663,247.254
2020,Kings,New York,1483,734800,4980,1949,295080,1949,8074,11286,-238714,246788,8.074,-238.714,246.788
2021,Kings,New York,1582,767500,5377,2040,302305,2040,9656,13326,-236674,246330,9.656,-236.674,246.33
2022,Kings,New York,1715,865300,5881,2201,302505,2201,11371,15527,-234473,245844,11.371,-234.473,245.844
2023,Kings,New York,1784,889700,6120,2248,300026,2248,13155,17775,-232225,245380,13.155,-232.225,245.38
2015,Lewis,New York,699,117300,2009,738,8066,738,699,738,-249262,249961,0.699,-249.262,249.961
2016,Lewis,New York,708,122000,2124,748,7849,748,1407,1486,-248514,249921,1.407,-248.514,249.921
2017,Lewis,New York,742,121700,2232,750,7987,750,2149,2236,-247764,249913,2.149,-247.764,249.913
2018,Lewis,New York,733,120000,2260,779,8111,779,2882,3015,-246985,249867,2.882,-246.985,249.867
2019,Lewis,New York,768,120200,2304,753,8282,753,3650,3768,-246232,249882,3.65,-246.232,249.882
2020,Lewis,New York,700,122800,2313,769,8407,769,4350,4537,-245463,249813,4.35,-245.463,249.813
2021,Lewis,New York,725,128600,2431,789,8603,789,5075,5326,-244674,249749,5.075,-244.674,249.749
2022,Lewis,New York,768,146100,2602,861,8620,861,5843,6187,-243813,249656,5.843,-243.813,249.656
2023,Lewis,New York,821,158000,2682,889,8812,889,6664,7076,-242924,249588,6.664,-242.924,249.588
2015,Livingston,New York,721,121200,3449,960,17624,960,721,960,-249040,249761,0.721,-249.04,249.761
2016,Livingston,New York,722,123000,3473,941,17745,941,1443,1901,-248099,249542,1.443,-248.099,249.542
2017,Livingston,New York,755,125000,3513,948,17888,948,2198,2849,-247151,249349,2.198,-247.151,249.349
2018,Livingston,New York,781,126700,3581,976,17903,976,2979,3825,-246175,249154,2.979,-246.175,249.154
2019,Livingston,New York,798,129400,3636,989,18054,989,3777,4814,-245186,248963,3.777,-245.186,248.963
2020,Livingston,New York,793,134000,3654,963,18683,963,4570,5777,-244223,248793,4.57,-244.223,248.793
2021,Livingston,New York,843,142000,3812,1019,18320,1019,5413,6796,-243204,248617,5.413,-243.204,248.617
2022,Livingston,New York,919,159900,4050,1059,18546,1059,6332,7855,-242145,248477,6.332,-242.145,248.477
2023,Livingston,New York,912,169600,4182,1078,18759,1078,7244,8933,-241067,248311,7.244,-241.067,248.311
2015,Madison,New York,718,124900,3123,975,19755,975,718,975,-249025,249743,0.718,-249.025,249.743
2016,Madison,New York,728,128000,3148,966,19703,966,1446,1941,-248059,249505,1.446,-248.059,249.505
2017,Madison,New York,755,132800,3312,987,19985,987,2201,2928,-247072,249273,2.201,-247.072,249.273
2018,Madison,New York,771,131800,3335,984,19965,984,2972,3912,-246088,249060,2.972,-246.088,249.06
2019,Madison,New York,783,136800,3422,987,20016,987,3755,4899,-245101,248856,3.755,-245.101,248.856
2020,Madison,New York,768,140000,3514,996,20365,996,4523,5895,-244105,248628,4.523,-244.105,248.628
2021,Madison,New York,789,151100,3656,1049,19294,1049,5312,6944,-243056,248368,5.312,-243.056,248.368
2022,Madison,New York,867,162800,3886,1102,19606,1102,6179,8046,-241954,248133,6.179,-241.954,248.133
2023,Madison,New York,891,176800,4058,1124,20047,1124,7070,9170,-240830,247900,7.07,-240.83,247.9
2015,Monroe,New York,826,138600,4307,1103,192326,1103,826,1103,-248897,249723,0.826,-248.897,249.723
2016,Monroe,New York,843,140200,4396,1098,191707,1098,1669,2201,-247799,249468,1.669,-247.799,249.468
2017,Monroe,New York,872,142300,4533,1105,191781,1105,2541,3306,-246694,249235,2.541,-246.694,249.235
2018,Monroe,New York,902,144700,4653,1122,191759,1122,3443,4428,-245572,249015,3.443,-245.572,249.015
2019,Monroe,New York,927,148400,4781,1133,191783,1133,4370,5561,-244439,248809,4.37,-244.439,248.809
2020,Monroe,New York,947,152000,4798,1123,193319,1123,5317,6684,-243316,248633,5.317,-243.316,248.633
2021,Monroe,New York,991,160000,4923,1161,198738,1161,6308,7845,-242155,248463,6.308,-242.155,248.463
2022,Monroe,New York,1085,182700,5306,1233,200332,1233,7393,9078,-240922,248315,7.393,-240.922,248.315
2023,Monroe,New York,1126,197100,5495,1272,201032,1272,8519,10350,-239650,248169,8.519,-239.65,248.169
2015,Montgomery,New York,702,101600,3177,868,13109,868,702,868,-249132,249834,0.702,-249.132,249.834
2016,Montgomery,New York,721,99100,3234,851,13040,851,1423,1719,-248281,249704,1.423,-248.281,249.704
2017,Montgomery,New York,732,99900,3278,858,13565,858,2155,2577,-247423,249578,2.155,-247.423,249.578
2018,Montgomery,New York,749,101000,3217,851,13375,851,2904,3428,-246572,249476,2.904,-246.572,249.476
2019,Montgomery,New York,783,105400,3233,844,13455,844,3687,4272,-245728,249415,3.687,-245.728,249.415
2020,Montgomery,New York,759,110700,3308,869,13241,869,4446,5141,-244859,249305,4.446,-244.859,249.305
2021,Montgomery,New York,793,113500,3363,894,13165,894,5239,6035,-243965,249204,5.239,-243.965,249.204
2022,Montgomery,New York,867,132300,3488,969,13001,969,6106,7004,-242996,249102,6.106,-242.996,249.102
2023,Montgomery,New York,921,141600,3630,1001,13336,1001,7027,8005,-241995,249022,7.027,-241.995,249.022
2015,Nassau,New York,1578,446400,10001,2455,353777,2455,1578,2455,-247545,249123,1.578,-247.545,249.123
2016,Nassau,New York,1603,451700,10001,2450,353420,2450,3181,4905,-245095,248276,3.181,-245.095,248.276
2017,Nassau,New York,1663,460700,10001,2494,357982,2494,4844,7399,-242601,247445,4.844,-242.601,247.445
2018,Nassau,New York,1738,474800,10001,2547,359301,2547,6582,9946,-240054,246636,6.582,-240.054,246.636
2019,Nassau,New York,1772,493500,10001,2605,360578,2605,8354,12551,-237449,245803,8.354,-237.449,245.803
2020,Nassau,New York,1831,524400,10001,2612,365052,2612,10185,15163,-234837,245022,10.185,-234.837,245.022
2021,Nassau,New York,1940,560100,10001,2704,370368,2704,12125,17867,-232133,244258,12.125,-232.133,244.258
2022,Nassau,New York,2131,633800,10001,2911,372021,2911,14256,20778,-229222,243478,14.256,-229.222,243.478
2023,Nassau,New York,2195,658700,10001,3000,373665,3000,16451,23778,-226222,242673,16.451,-226.222,242.673
2015,New York,New York,1519,848700,7208,1903,172079,1903,1519,1903,-248097,249616,1.519,-248.097,249.616
2016,New York,New York,1575,871500,7641,1886,174361,1886,3094,3789,-246211,249305,3.094,-246.211,249.305
2017,New York,New York,1615,915300,8237,1889,182453,1889,4709,5678,-244322,249031,4.709,-244.322,249.031
2018,New York,New York,1682,944600,8980,1941,182949,1941,6391,7619,-242381,248772,6.391,-242.381,248.772
2019,New York,New York,1740,987700,9817,1987,182796,1987,8131,9606,-240394,248525,8.131,-240.394,248.525
2020,New York,New York,1787,1024500,10001,2100,182507,2100,9918,11706,-238294,248212,9.918,-238.294,248.212
2021,New York,New York,1869,1008500,10001,2252,189119,2252,11787,13958,-236042,247829,11.787,-236.042,247.829
2022,New York,New York,2024,1104000,10001,2479,187921,2479,13811,16437,-233563,247374,13.811,-233.563,247.374
2023,New York,New York,2132,1108900,10001,2642,191643,2642,15943,19079,-230921,246864,15.943,-230.921,246.864
2015,Niagara,New York,654,108000,3255,881,62294,881,654,881,-249119,249773,0.654,-249.119,249.773
2016,Niagara,New York,657,111500,3339,885,62309,885,1311,1766,-248234,249545,1.311,-248.234,249.545
2017,Niagara,New York,669,114800,3420,882,62888,882,1980,2648,-247352,249332,1.98,-247.352,249.332
2018,Niagara,New York,692,119300,3473,900,62872,900,2672,3548,-246452,249124,2.672,-246.452,249.124
2019,Niagara,New York,703,125600,3577,906,62543,906,3375,4454,-245546,248921,3.375,-245.546,248.921
2020,Niagara,New York,714,131600,3634,898,64549,898,4089,5352,-244648,248737,4.089,-244.648,248.737
2021,Niagara,New York,753,140400,3697,921,64724,921,4842,6273,-243727,248569,4.842,-243.727,248.569
2022,Niagara,New York,823,163100,3958,990,64550,990,5665,7263,-242737,248402,5.665,-242.737,248.402
2023,Niagara,New York,870,177400,4052,1021,64870,1021,6535,8284,-241716,248251,6.535,-241.716,248.251
2015,Oneida,New York,706,114000,2901,868,59675,868,706,868,-249132,249838,0.706,-249.132,249.838
2016,Oneida,New York,712,117600,2976,868,60083,868,1418,1736,-248264,249682,1.418,-248.264,249.682
2017,Oneida,New York,735,120000,3070,878,60271,878,2153,2614,-247386,249539,2.153,-247.386,249.539
2018,Oneida,New York,755,123100,3146,896,60296,896,2908,3510,-246490,249398,2.908,-246.49,249.398
2019,Oneida,New York,766,127700,3230,899,60547,899,3674,4409,-245591,249265,3.674,-245.591,249.265
2020,Oneida,New York,777,133100,3269,897,62318,897,4451,5306,-244694,249145,4.451,-244.694,249.145
2021,Oneida,New York,807,138700,3353,920,62148,920,5258,6226,-243774,249032,5.258,-243.774,249.032
2022,Oneida,New York,889,157600,3565,980,63158,980,6147,7206,-242794,248941,6.147,-242.794,248.941
2023,Oneida,New York,917,171100,3646,1005,63966,1005,7064,8211,-241789,248853,7.064,-241.789,248.853
2015,Onondaga,New York,787,135900,3789,1059,120529,1059,787,1059,-248941,249728,0.787,-248.941,249.728
2016,Onondaga,New York,797,137000,3824,1039,120159,1039,1584,2098,-247902,249486,1.584,-247.902,249.486
2017,Onondaga,New York,823,139400,3918,1043,120606,1043,2407,3141,-246859,249266,2.407,-246.859,249.266
2018,Onondaga,New York,852,142300,3983,1065,120348,1065,3259,4206,-245794,249053,3.259,-245.794,249.053
2019,Onondaga,New York,872,145400,4087,1074,119871,1074,4131,5280,-244720,248851,4.131,-244.72,248.851
2020,Onondaga,New York,888,148100,4184,1072,121902,1072,5019,6352,-243648,248667,5.019,-243.648,248.667
2021,Onondaga,New York,926,154100,4376,1131,124179,1131,5945,7483,-242517,248462,5.945,-242.517,248.462
2022,Onondaga,New York,1002,172800,4646,1197,125899,1197,6947,8680,-241320,248267,6.947,-241.32,248.267
2023,Onondaga,New York,1067,185300,4805,1228,128013,1228,8014,9908,-240092,248106,8.014,-240.092,248.106
2015,Ontario,New York,809,145700,3508,1024,32228,1024,809,1024,-248976,249785,0.809,-248.976,249.785
2016,Ontario,New York,821,148400,3605,1037,32075,1037,1630,2061,-247939,249569,1.63,-247.939,249.569
2017,Ontario,New York,837,156500,3770,1045,32389,1045,2467,3106,-246894,249361,2.467,-246.894,249.361
2018,Ontario,New York,875,160000,3850,1062,32639,1062,3342,4168,-245832,249174,3.342,-245.832,249.174
2019,Ontario,New York,896,161800,3973,1070,33054,1070,4238,5238,-244762,249000,4.238,-244.762,249.0
2020,Ontario,New York,898,163100,3942,1066,33237,1066,5136,6304,-243696,248832,5.136,-243.696,248.832
2021,Ontario,New York,962,169200,4087,1089,34097,1089,6098,7393,-242607,248705,6.098,-242.607,248.705
2022,Ontario,New York,1061,192800,4364,1166,34133,1166,7159,8559,-241441,248600,7.159,-241.441,248.6
2023,Ontario,New York,1126,202900,4460,1199,34718,1199,8285,9758,-240242,248527,8.285,-240.242,248.527
2015,Orange,New York,1155,262500,6419,1858,86184,1858,1155,1858,-248142,249297,1.155,-248.142,249.297
2016,Orange,New York,1157,258700,6524,1830,85306,1830,2312,3688,-246312,248624,2.312,-246.312,248.624
2017,Orange,New York,1187,260300,6641,1805,86449,1805,3499,5493,-244507,248006,3.499,-244.507,248.006
2018,Orange,New York,1223,263700,6763,1811,86266,1811,4722,7304,-242696,247418,4.722,-242.696,247.418
2019,Orange,New York,1259,271200,7091,1870,85584,1870,5981,9174,-240826,246807,5.981,-240.826,246.807
2020,Orange,New York,1294,278400,7199,1864,88453,1864,7275,11038,-238962,246237,7.275,-238.962,246.237
2021,Orange,New York,1379,291900,7574,1928,91534,1928,8654,12966,-237034,245688,8.654,-237.034,245.688
2022,Orange,New York,1494,337800,8310,2079,91917,2079,10148,15045,-234955,245103,10.148,-234.955,245.103
2023,Orange,New York,1602,361100,8463,2128,93959,2128,11750,17173,-232827,244577,11.75,-232.827,244.577
2015,Orleans,New York,639,91300,3055,923,12112,923,639,923,-249077,249716,0.639,-249.077,249.716
2016,Orleans,New York,658,92000,3179,904,12186,904,1297,1827,-248173,249470,1.297,-248.173,249.47
2017,Orleans,New York,683,93600,3237,903,12166,903,1980,2730,-247270,249250,1.98,-247.27,249.25
2018,Orleans,New York,723,95600,3332,913,12346,913,2703,3643,-246357,249060,2.703,-246.357,249.06
2019,Orleans,New York,728,98400,3393,928,12520,928,3431,4571,-245429,248860,3.431,-245.429,248.86
2020,Orleans,New York,782,101400,3445,910,12491,910,4213,5481,-244519,248732,4.213,-244.519,248.732
2021,Orleans,New York,802,107700,3524,965,12065,965,5015,6446,-243554,248569,5.015,-243.554,248.569
2022,Orleans,New York,840,122200,3765,1054,12348,1054,5855,7500,-242500,248355,5.855,-242.5,248.355
2023,Orleans,New York,877,126200,3781,1082,12539,1082,6732,8582,-241418,248150,6.732,-241.418,248.15
2015,Oswego,New York,721,94800,2612,864,32675,864,721,864,-249136,249857,0.721,-249.136,249.857
2016,Oswego,New York,725,96000,2706,870,32850,870,1446,1734,-248266,249712,1.446,-248.266,249.712
2017,Oswego,New York,748,97800,2812,896,33302,896,2194,2630,-247370,249564,2.194,-247.37,249.564
2018,Oswego,New York,763,102000,2899,910,33504,910,2957,3540,-246460,249417,2.957,-246.46,249.417
2019,Oswego,New York,777,104600,2997,913,33965,913,3734,4453,-245547,249281,3.734,-245.547,249.281
2020,Oswego,New York,806,109500,3123,913,33912,913,4540,5366,-244634,249174,4.54,-244.634,249.174
2021,Oswego,New York,844,115900,3272,953,34507,953,5384,6319,-243681,249065,5.384,-243.681,249.065
2022,Oswego,New York,899,131800,3544,1022,34694,1022,6283,7341,-242659,248942,6.283,-242.659,248.942
2023,Oswego,New York,943,139600,3595,1061,34837,1061,7226,8402,-241598,248824,7.226,-241.598,248.824
2015,Otsego,New York,776,142800,2529,802,17352,802,776,802,-249198,249974,0.776,-249.198,249.974
2016,Otsego,New York,775,140600,2528,797,17350,797,1551,1599,-248401,249952,1.551,-248.401,249.952
2017,Otsego,New York,808,141900,2598,797,17553,797,2359,2396,-247604,249963,2.359,-247.604,249.963
2018,Otsego,New York,833,144000,2695,816,17174,816,3192,3212,-246788,249980,3.192,-246.788,249.98
2019,Otsego,New York,833,146400,2702,808,16892,808,4025,4020,-245980,250005,4.025,-245.98,250.005
2020,Otsego,New York,827,150700,2725,849,17157,849,4852,4869,-245131,249983,4.852,-245.131,249.983
2021,Otsego,New York,863,154200,2881,880,16568,880,5715,5749,-244251,249966,5.715,-244.251,249.966
2022,Otsego,New York,927,166500,2930,966,16534,966,6642,6715,-243285,249927,6.642,-243.285,249.927
2023,Otsego,New York,942,175900,2911,989,16807,989,7584,7704,-242296,249880,7.584,-242.296,249.88
2015,Putnam,New York,1234,354900,8631,2250,27946,2250,1234,2250,-247750,248984,1.234,-247.75,248.984
2016,Putnam,New York,1307,354800,8922,2264,27961,2264,2541,4514,-245486,248027,2.541,-245.486,248.027
2017,Putnam,New York,1334,357700,9205,2240,28101,2240,3875,6754,-243246,247121,3.875,-243.246,247.121
2018,Putnam,New York,1387,356300,9383,2213,28718,2213,5262,8967,-241033,246295,5.262,-241.033,246.295
2019,Putnam,New York,1453,358500,9464,2206,28513,2206,6715,11173,-238827,245542,6.715,-238.827,245.542
2020,Putnam,New York,1489,366400,9564,2228,28797,2228,8204,13401,-236599,244803,8.204,-236.599,244.803
2021,Putnam,New York,1544,377800,9855,2246,28854,2246,9748,15647,-234353,244101,9.748,-234.353,244.101
2022,Putnam,New York,1691,421800,10001,2368,29299,2368,11439,18015,-231985,243424,11.439,-231.985,243.424
2023,Putnam,New York,1824,448000,10001,2409,29105,2409,13263,20424,-229576,242839,13.263,-229.576,242.839
2015,Queens,New York,1367,450300,3705,1582,340561,1582,1367,1582,-248418,249785,1.367,-248.418,249.785
2016,Queens,New York,1401,462300,3896,1587,341363,1587,2768,3169,-246831,249599,2.768,-246.831,249.599
2017,Queens,New York,1456,481300,4170,1582,346041,1582,4224,4751,-245249,249473,4.224,-245.249,249.473
2018,Queens,New York,1520,504900,4443,1602,347739,1602,5744,6353,-243647,249391,5.744,-243.647,249.391
2019,Queens,New York,1583,543800,4726,1616,348732,1616,7327,7969,-242031,249358,7.327,-242.031,249.358
2020,Queens,New York,1629,575600,5016,1609,353375,1609,8956,9578,-240422,249378,8.956,-240.422,249.378
2021,Queens,New York,1711,603200,5397,1676,366494,1676,10667,11254,-238746,249413,10.667,-238.746,249.413
2022,Queens,New York,1847,677700,5887,1779,369150,1779,12514,13033,-236967,249481,12.514,-236.967,249.481
2023,Queens,New York,1915,699200,6130,1830,371778,1830,14429,14863,-235137,249566,14.429,-235.137,249.566
2015,Rensselaer,New York,875,179100,4380,1266,41240,1266,875,1266,-248734,249609,0.875,-248.734,249.609
2016,Rensselaer,New York,883,180700,4398,1260,40749,1260,1758,2526,-247474,249232,1.758,-247.474,249.232
2017,Rensselaer,New York,908,183400,4529,1272,40878,1272,2666,3798,-246202,248868,2.666,-246.202,248.868
2018,Rensselaer,New York,945,185100,4585,1292,40708,1292,3611,5090,-244910,248521,3.611,-244.91,248.521
2019,Rensselaer,New York,973,188700,4735,1296,40771,1296,4584,6386,-243614,248198,4.584,-243.614,248.198
2020,Rensselaer,New York,987,197100,4766,1263,41200,1263,5571,7649,-242351,247922,5.571,-242.351,247.922
2021,Rensselaer,New York,1046,204200,4913,1321,41693,1321,6617,8970,-241030,247647,6.617,-241.03,247.647
2022,Rensselaer,New York,1141,230800,5235,1399,41507,1399,7758,10369,-239631,247389,7.758,-239.631,247.389
2023,Rensselaer,New York,1182,244300,5357,1430,42452,1430,8940,11799,-238201,247141,8.94,-238.201,247.141
2015,Richmond,New York,1169,439500,3717,1951,114000,1951,1169,1951,-248049,249218,1.169,-248.049,249.218
2016,Richmond,New York,1191,448000,3910,1946,114502,1946,2360,3897,-246103,248463,2.36,-246.103,248.463
2017,Richmond,New York,1229,460200,4177,1970,115428,1970,3589,5867,-244133,247722,3.589,-244.133,247.722
2018,Richmond,New York,1282,478600,4427,2009,115839,2009,4871,7876,-242124,246995,4.871,-242.124,246.995
2019,Richmond,New York,1319,504800,4676,2036,115265,2036,6190,9912,-240088,246278,6.19,-240.088,246.278
2020,Richmond,New York,1379,546100,4998,2023,114975,2023,7569,11935,-238065,245634,7.569,-238.065,245.634
2021,Richmond,New York,1445,575500,5429,2072,116435,2072,9014,14007,-235993,245007,9.014,-235.993,245.007
2022,Richmond,New York,1602,637100,5844,2189,116662,2189,10616,16196,-233804,244420,10.616,-233.804,244.42
2023,Richmond,New York,1689,658500,6074,2255,115534,2255,12305,18451,-231549,243854,12.305,-231.549,243.854
2015,Rockland,New York,1335,419100,10001,2393,68107,2393,1335,2393,-247607,248942,1.335,-247.607,248.942
2016,Rockland,New York,1367,420700,10001,2405,68276,2405,2702,4798,-245202,247904,2.702,-245.202,247.904
2017,Rockland,New York,1420,425100,10001,2433,68822,2433,4122,7231,-242769,246891,4.122,-242.769,246.891
2018,Rockland,New York,1463,434000,10001,2470,68681,2470,5585,9701,-240299,245884,5.585,-240.299,245.884
2019,Rockland,New York,1504,443400,10001,2516,68591,2516,7089,12217,-237783,244872,7.089,-237.783,244.872
2020,Rockland,New York,1558,452500,10001,2494,68703,2494,8647,14711,-235289,243936,8.647,-235.289,243.936
2021,Rockland,New York,1642,465200,10001,2555,69559,2555,10289,17266,-232734,243023,10.289,-232.734,243.023
2022,Rockland,New York,1755,528900,10001,2699,70035,2699,12044,19965,-230035,242079,12.044,-230.035,242.079
2023,Rockland,New York,1826,564200,10001,2779,70496,2779,13870,22744,-227256,241126,13.87,-227.256,241.126
2015,Saratoga,New York,993,232900,3809,1311,64423,1311,993,1311,-248689,249682,0.993,-248.689,249.682
2016,Saratoga,New York,1026,238600,3853,1325,65099,1325,2019,2636,-247364,249383,2.019,-247.364,249.383
2017,Saratoga,New York,1046,243600,3956,1331,66624,1331,3065,3967,-246033,249098,3.065,-246.033,249.098
2018,Saratoga,New York,1090,251200,4101,1379,67383,1379,4155,5346,-244654,248809,4.155,-244.654,248.809
2019,Saratoga,New York,1138,258300,4139,1379,68158,1379,5293,6725,-243275,248568,5.293,-243.275,248.568
2020,Saratoga,New York,1151,266000,4244,1368,69128,1368,6444,8093,-241907,248351,6.444,-241.907,248.351
2021,Saratoga,New York,1198,273500,4413,1405,70842,1405,7642,9498,-240502,248144,7.642,-240.502,248.144
2022,Saratoga,New York,1305,306000,4692,1512,70909,1512,8947,11010,-238990,247937,8.947,-238.99,247.937
2023,Saratoga,New York,1347,324800,4843,1538,72048,1538,10294,12548,-237452,247746,10.294,-237.452,247.746
2015,Schenectady,New York,845,165800,4555,1210,37747,1210,845,1210,-248790,249635,0.845,-248.79,249.635
2016,Schenectady,New York,857,165000,4578,1217,36997,1217,1702,2427,-247573,249275,1.702,-247.573,249.275
2017,Schenectady,New York,894,164100,4653,1199,36519,1199,2596,3626,-246374,248970,2.596,-246.374,248.97
2018,Schenectady,New York,922,165400,4771,1196,35455,1196,3518,4822,-245178,248696,3.518,-245.178,248.696
2019,Schenectady,New York,945,169600,4749,1200,35654,1200,4463,6022,-243978,248441,4.463,-243.978,248.441
2020,Schenectady,New York,964,172500,4779,1227,36775,1227,5427,7249,-242751,248178,5.427,-242.751,248.178
2021,Schenectady,New York,1018,178000,4934,1267,39234,1267,6445,8516,-241484,247929,6.445,-241.484,247.929
2022,Schenectady,New York,1092,204400,5241,1362,40880,1362,7537,9878,-240122,247659,7.537,-240.122,247.659
2023,Schenectady,New York,1159,223100,5486,1439,42327,1439,8696,11317,-238683,247379,8.696,-238.683,247.379
2015,Schoharie,New York,733,147000,3222,952,9512,952,733,952,-249048,249781,0.733,-249.048,249.781
2016,Schoharie,New York,741,143700,3254,928,9287,928,1474,1880,-248120,249594,1.474,-248.12,249.594
2017,Schoharie,New York,781,143300,3271,941,9471,941,2255,2821,-247179,249434,2.255,-247.179,249.434
2018,Schoharie,New York,792,143500,3330,948,9415,948,3047,3769,-246231,249278,3.047,-246.231,249.278
2019,Schoharie,New York,790,144800,3427,937,9522,937,3837,4706,-245294,249131,3.837,-245.294,249.131
2020,Schoharie,New York,809,142600,3504,911,9630,911,4646,5617,-244383,249029,4.646,-244.383,249.029
2021,Schoharie,New York,847,151700,3735,927,9227,927,5493,6544,-243456,248949,5.493,-243.456,248.949
2022,Schoharie,New York,883,169400,3931,981,9510,981,6376,7525,-242475,248851,6.376,-242.475,248.851
2023,Schoharie,New York,916,182000,3977,984,9662,984,7292,8509,-241491,248783,7.292,-241.491,248.783
2015,Schuyler,New York,640,108500,2564,727,5933,727,640,727,-249273,249913,0.64,-249.273,249.913
2016,Schuyler,New York,708,111300,2592,760,5767,760,1348,1487,-248513,249861,1.348,-248.513,249.861
2017,Schuyler,New York,741,114700,2644,784,5688,784,2089,2271,-247729,249818,2.089,-247.729,249.818
2018,Schuyler,New York,730,121300,2775,808,5684,808,2819,3079,-246921,249740,2.819,-246.921,249.74
2019,Schuyler,New York,742,133100,2867,827,5505,827,3561,3906,-246094,249655,3.561,-246.094,249.655
2020,Schuyler,New York,765,127000,2941,775,5537,775,4326,4681,-245319,249645,4.326,-245.319,249.645
2021,Schuyler,New York,753,134400,3064,887,5689,887,5079,5568,-244432,249511,5.079,-244.432,249.511
2022,Schuyler,New York,808,151100,3246,934,5724,934,5887,6502,-243498,249385,5.887,-243.498,249.385
2023,Schuyler,New York,858,163300,3165,960,5780,960,6745,7462,-242538,249283,6.745,-242.538,249.283
2015,Seneca,New York,716,97000,2779,834,9806,834,716,834,-249166,249882,0.716,-249.166,249.882
2016,Seneca,New York,735,98200,2779,814,9922,814,1451,1648,-248352,249803,1.451,-248.352,249.803
2017,Seneca,New York,750,98400,2755,818,9912,818,2201,2466,-247534,249735,2.201,-247.534,249.735
2018,Seneca,New York,761,101400,2831,841,10003,841,2962,3307,-246693,249655,2.962,-246.693,249.655
2019,Seneca,New York,781,107100,2923,860,10022,860,3743,4167,-245833,249576,3.743,-245.833,249.576
2020,Seneca,New York,786,107500,2809,832,10011,832,4529,4999,-245001,249530,4.529,-245.001,249.53
2021,Seneca,New York,828,111800,2895,908,9929,908,5357,5907,-244093,249450,5.357,-244.093,249.45
2022,Seneca,New York,871,132000,3120,984,9882,984,6228,6891,-243109,249337,6.228,-243.109,249.337
2023,Seneca,New York,925,142700,3267,1012,9848,1012,7153,7903,-242097,249250,7.153,-242.097,249.25
2015,St. Lawrence,New York,700,87600,2048,748,29600,748,700,748,-249252,249952,0.7,-249.252,249.952
2016,St. Lawrence,New York,698,87400,2129,734,29591,734,1398,1482,-248518,249916,1.398,-248.518,249.916
2017,St. Lawrence,New York,723,88000,2208,730,30189,730,2121,2212,-247788,249909,2.121,-247.788,249.909
2018,St. Lawrence,New York,730,91600,2323,736,30183,736,2851,2948,-247052,249903,2.851,-247.052,249.903
2019,St. Lawrence,New York,741,93600,2414,738,30596,738,3592,3686,-246314,249906,3.592,-246.314,249.906
2020,St. Lawrence,New York,715,97000,2499,747,30387,747,4307,4433,-245567,249874,4.307,-245.567,249.874
2021,St. Lawrence,New York,741,99300,2572,780,29788,780,5048,5213,-244787,249835,5.048,-244.787,249.835
2022,St. Lawrence,New York,788,114700,2644,828,29521,828,5836,6041,-243959,249795,5.836,-243.959,249.795
2023,St. Lawrence,New York,799,119800,2735,868,29840,868,6635,6909,-243091,249726,6.635,-243.091,249.726
2015,Steuben,New York,658,91000,2525,742,28756,742,658,742,-249258,249916,0.658,-249.258,249.916
2016,Steuben,New York,675,94300,2615,748,28545,748,1333,1490,-248510,249843,1.333,-248.51,249.843
2017,Steuben,New York,691,95300,2654,754,28956,754,2024,2244,-247756,249780,2.024,-247.756,249.78
2018,Steuben,New York,692,98200,2703,769,28841,769,2716,3013,-246987,249703,2.716,-246.987,249.703
2019,Steuben,New York,695,99600,2756,778,28995,778,3411,3791,-246209,249620,3.411,-246.209,249.62
2020,Steuben,New York,714,104200,2849,802,29258,802,4125,4593,-245407,249532,4.125,-245.407,249.532
2021,Steuben,New York,755,108100,2917,826,28366,826,4880,5419,-244581,249461,4.88,-244.581,249.461
2022,Steuben,New York,832,121000,3100,893,28480,893,5712,6312,-243688,249400,5.712,-243.688,249.4
2023,Steuben,New York,878,128600,3245,924,28614,924,6590,7236,-242764,249354,6.59,-242.764,249.354
2015,Suffolk,New York,1544,375100,8449,2242,392390,2242,1544,2242,-247758,249302,1.544,-247.758,249.302
2016,Suffolk,New York,1589,376000,8679,2236,389182,2236,3133,4478,-245522,248655,3.133,-245.522,248.655
2017,Suffolk,New York,1646,379400,8902,2239,393065,2239,4779,6717,-243283,248062,4.779,-243.283,248.062
2018,Suffolk,New York,1698,386800,9157,2266,390897,2266,6477,8983,-241017,247494,6.477,-241.017,247.494
2019,Suffolk,New York,1742,397400,9428,2286,394236,2286,8219,11269,-238731,246950,8.219,-238.731,246.95
2020,Suffolk,New York,1810,413900,9598,2239,403707,2239,10029,13508,-236492,246521,10.029,-236.492,246.521
2021,Suffolk,New York,1895,436300,9911,2317,413763,2317,11924,15825,-234175,246099,11.924,-234.175,246.099
2022,Suffolk,New York,2113,490800,10001,2497,417769,2497,14037,18322,-231678,245715,14.037,-231.678,245.715
2023,Suffolk,New York,2190,539500,10001,2549,419631,2549,16227,20871,-229129,245356,16.227,-229.129,245.356
2015,Sullivan,New York,841,165900,3968,1058,18611,1058,841,1058,-248942,249783,0.841,-248.942,249.783
2016,Sullivan,New York,862,165900,4126,1037,18762,1037,1703,2095,-247905,249608,1.703,-247.905,249.608
2017,Sullivan,New York,860,167900,4357,1047,18521,1047,2563,3142,-246858,249421,2.563,-246.858,249.421
2018,Sullivan,New York,876,169500,4456,1066,18872,1066,3439,4208,-245792,249231,3.439,-245.792,249.231
2019,Sullivan,New York,890,172800,4542,1085,19255,1085,4329,5293,-244707,249036,4.329,-244.707,249.036
2020,Sullivan,New York,886,175900,4621,1075,19980,1075,5215,6368,-243632,248847,5.215,-243.632,248.847
2021,Sullivan,New York,933,185700,4740,1116,19948,1116,6148,7484,-242516,248664,6.148,-242.516,248.664
2022,Sullivan,New York,996,220200,4954,1223,20660,1223,7144,8707,-241293,248437,7.144,-241.293,248.437
2023,Sullivan,New York,999,234800,5082,1256,20934,1256,8143,9963,-240037,248180,8.143,-240.037,248.18
2015,Tioga,New York,644,112600,2803,855,15585,855,644,855,-249145,249789,0.644,-249.145,249.789
2016,Tioga,New York,661,112300,2922,823,15415,823,1305,1678,-248322,249627,1.305,-248.322,249.627
2017,Tioga,New York,695,113000,2981,822,15422,822,2000,2500,-247500,249500,2.0,-247.5,249.5
2018,Tioga,New York,736,117100,3069,847,15427,847,2736,3347,-246653,249389,2.736,-246.653,249.389
2019,Tioga,New York,751,119700,3117,872,15409,872,3487,4219,-245781,249268,3.487,-245.781,249.268
2020,Tioga,New York,782,119800,3234,867,16071,867,4269,5086,-244914,249183,4.269,-244.914,249.183
2021,Tioga,New York,829,122900,3358,888,15843,888,5098,5974,-244026,249124,5.098,-244.026,249.124
2022,Tioga,New York,894,144200,3590,964,15821,964,5992,6938,-243062,249054,5.992,-243.062,249.054
2023,Tioga,New York,914,153200,3750,1017,15811,1017,6906,7955,-242045,248951,6.906,-242.045,248.951
2015,Tompkins,New York,988,176500,4363,1141,21356,1141,988,1141,-248859,249847,0.988,-248.859,249.847
2016,Tompkins,New York,1011,182600,4538,1157,21175,1157,1999,2298,-247702,249701,1.999,-247.702,249.701
2017,Tompkins,New York,1055,190100,4663,1145,21630,1145,3054,3443,-246557,249611,3.054,-246.557,249.611
2018,Tompkins,New York,1107,199400,4994,1205,21749,1205,4161,4648,-245352,249513,4.161,-245.352,249.513
2019,Tompkins,New York,1164,204600,5217,1240,21755,1240,5325,5888,-244112,249437,5.325,-244.112,249.437
2020,Tompkins,New York,1144,218700,5466,1260,22025,1260,6469,7148,-242852,249321,6.469,-242.852,249.321
2021,Tompkins,New York,1218,228900,5761,1299,23248,1299,7687,8447,-241553,249240,7.687,-241.553,249.24
2022,Tompkins,New York,1320,264300,6229,1379,23328,1379,9007,9826,-240174,249181,9.007,-240.174,249.181
2023,Tompkins,New York,1374,271500,6374,1390,23291,1390,10381,11216,-238784,249165,10.381,-238.784,249.165
2015,Ulster,New York,1013,222800,5147,1382,47908,1382,1013,1382,-248618,249631,1.013,-248.618,249.631
2016,Ulster,New York,1022,219800,5203,1388,48343,1388,2035,2770,-247230,249265,2.035,-247.23,249.265
2017,Ulster,New York,1053,221600,5296,1379,48343,1379,3088,4149,-245851,248939,3.088,-245.851,248.939
2018,Ulster,New York,1086,225500,5409,1379,47815,1379,4174,5528,-244472,248646,4.174,-244.472,248.646
2019,Ulster,New York,1112,230500,5456,1356,47321,1356,5286,6884,-243116,248402,5.286,-243.116,248.402
2020,Ulster,New York,1119,239400,5534,1361,48108,1361,6405,8245,-241755,248160,6.405,-241.755,248.16
2021,Ulster,New York,1175,252300,5787,1409,49479,1409,7580,9654,-240346,247926,7.58,-240.346,247.926
2022,Ulster,New York,1269,288400,6114,1526,49975,1526,8849,11180,-238820,247669,8.849,-238.82,247.669
2023,Ulster,New York,1335,315100,6124,1571,51163,1571,10184,12751,-237249,247433,10.184,-237.249,247.433
2015,Warren,New York,862,189700,2966,1029,18890,1029,862,1029,-248971,249833,0.862,-248.971,249.833
2016,Warren,New York,879,191500,3113,1045,19037,1045,1741,2074,-247926,249667,1.741,-247.926,249.667
2017,Warren,New York,881,192800,3141,1060,19605,1060,2622,3134,-246866,249488,2.622,-246.866,249.488
2018,Warren,New York,884,193800,3197,1081,19547,1081,3506,4215,-245785,249291,3.506,-245.785,249.291
2019,Warren,New York,929,196500,3326,1082,19820,1082,4435,5297,-244703,249138,4.435,-244.703,249.138
2020,Warren,New York,932,208600,3461,1114,20516,1114,5367,6411,-243589,248956,5.367,-243.589,248.956
2021,Warren,New York,969,214300,3587,1132,20673,1132,6336,7543,-242457,248793,6.336,-242.457,248.793
2022,Warren,New York,1062,240600,3731,1231,21036,1231,7398,8774,-241226,248624,7.398,-241.226,248.624
2023,Warren,New York,1089,247600,3789,1283,21470,1283,8487,10057,-239943,248430,8.487,-239.943,248.43
2015,Washington,New York,803,142700,3147,994,17531,994,803,994,-249006,249809,0.803,-249.006,249.809
2016,Washington,New York,819,143900,3201,991,17368,991,1622,1985,-248015,249637,1.622,-248.015,249.637
2017,Washington,New York,823,144900,3257,987,17431,987,2445,2972,-247028,249473,2.445,-247.028,249.473
2018,Washington,New York,848,145900,3282,983,17507,983,3293,3955,-246045,249338,3.293,-246.045,249.338
2019,Washington,New York,855,149000,3356,955,17782,955,4148,4910,-245090,249238,4.148,-245.09,249.238
2020,Washington,New York,861,151500,3435,941,17494,941,5009,5851,-244149,249158,5.009,-244.149,249.158
2021,Washington,New York,893,158100,3632,1014,17709,1014,5902,6865,-243135,249037,5.902,-243.135,249.037
2022,Washington,New York,964,176900,3832,1096,17916,1096,6866,7961,-242039,248905,6.866,-242.039,248.905
2023,Washington,New York,1000,185000,3852,1114,18568,1114,7866,9075,-240925,248791,7.866,-240.925,248.791
2015,Wayne,New York,694,112900,3418,938,28288,938,694,938,-249062,249756,0.694,-249.062,249.756
2016,Wayne,New York,716,115100,3440,946,28037,946,1410,1884,-248116,249526,1.41,-248.116,249.526
2017,Wayne,New York,742,118900,3498,946,28109,946,2152,2830,-247170,249322,2.152,-247.17,249.322
2018,Wayne,New York,757,121700,3564,983,27723,983,2909,3813,-246187,249096,2.909,-246.187,249.096
2019,Wayne,New York,779,123800,3612,974,28071,974,3688,4787,-245213,248901,3.688,-245.213,248.901
2020,Wayne,New York,772,130000,3578,983,29114,983,4460,5770,-244230,248690,4.46,-244.23,248.69
2021,Wayne,New York,810,134800,3735,1008,29500,1008,5270,6778,-243222,248492,5.27,-243.222,248.492
2022,Wayne,New York,877,151900,3999,1096,30116,1096,6147,7874,-242126,248273,6.147,-242.126,248.273
2023,Wayne,New York,929,163400,4168,1125,30531,1125,7076,8999,-241001,248077,7.076,-241.001,248.077
2015,Westchester,New York,1364,506900,10001,2527,210195,2527,1364,2527,-247473,248837,1.364,-247.473,248.837
2016,Westchester,New York,1394,507300,10001,2521,210004,2521,2758,5048,-244952,247710,2.758,-244.952,247.71
2017,Westchester,New York,1444,513300,10001,2539,212731,2539,4202,7587,-242413,246615,4.202,-242.413,246.615
2018,Westchester,New York,1493,528300,10001,2573,212889,2573,5695,10160,-239840,245535,5.695,-239.84,245.535
2019,Westchester,New York,1537,540600,10001,2605,214474,2605,7232,12765,-237235,244467,7.232,-237.235,244.467
2020,Westchester,New York,1599,544100,10001,2557,216939,2557,8831,15322,-234678,243509,8.831,-234.678,243.509
2021,Westchester,New York,1682,559900,10001,2651,224531,2651,10513,17973,-232027,242540,10.513,-232.027,242.54
2022,Westchester,New York,1796,619000,10001,2823,229004,2823,12309,20796,-229204,241513,12.309,-229.204,241.513
2023,Westchester,New York,1876,638400,10001,2882,230294,2882,14185,23678,-226322,240507,14.185,-226.322,240.507
2015,Wyoming,New York,589,102000,2781,827,11865,827,589,827,-249173,249762,0.589,-249.173,249.762
2016,Wyoming,New York,614,104200,2902,819,11936,819,1203,1646,-248354,249557,1.203,-248.354,249.557
2017,Wyoming,New York,634,108500,3038,839,11897,839,1837,2485,-247515,249352,1.837,-247.515,249.352
2018,Wyoming,New York,640,112200,3165,855,12071,855,2477,3340,-246660,249137,2.477,-246.66,249.137
2019,Wyoming,New York,659,115900,3233,851,12241,851,3136,4191,-245809,248945,3.136,-245.809,248.945
2020,Wyoming,New York,681,118800,3114,813,12296,813,3817,5004,-244996,248813,3.817,-244.996,248.813
2021,Wyoming,New York,713,125300,3301,849,12281,849,4530,5853,-244147,248677,4.53,-244.147,248.677
2022,Wyoming,New York,787,143000,3464,893,12457,893,5317,6746,-243254,248571,5.317,-243.254,248.571
2023,Wyoming,New York,782,154700,3557,900,12518,900,6099,7646,-242354,248453,6.099,-242.354,248.453
2015,Yates,New York,688,124200,2674,824,7454,824,688,824,-249176,249864,0.688,-249.176,249.864
2016,Yates,New York,701,126900,2696,808,7346,808,1389,1632,-248368,249757,1.389,-248.368,249.757
2017,Yates,New York,732,128900,2802,837,7196,837,2121,2469,-247531,249652,2.121,-247.531,249.652
2018,Yates,New York,753,128800,2785,823,7152,823,2874,3292,-246708,249582,2.874,-246.708,249.582
2019,Yates,New York,775,136300,2812,827,7137,827,3649,4119,-245881,249530,3.649,-245.881,249.53
2020,Yates,New York,712,142300,2904,834,6805,834,4361,4953,-245047,249408,4.361,-245.047,249.408
2021,Yates,New York,723,146600,3012,857,6546,857,5084,5810,-244190,249274,5.084,-244.19,249.274
2022,Yates,New York,773,159800,3115,933,6862,933,5857,6743,-243257,249114,5.857,-243.257,249.114
2023,Yates,New York,802,178000,3417,997,7024,997,6659,7740,-242260,248919,6.659,-242.26,248.919
