Year,County,State,Median_Gross_Rent,Median_Home_Value,Median_Property_Tax,Owner_Cost_With_Mortgage,Owner_Cost_Without_Mortgage,Owner_Cost_Annual,Cumulative_Rent,Cumulative_Equity,Net_Difference,Cumulative_Rent_k,Cumulative_Equity_k,Net_Difference_k
2015,Albany,New York,919,208400,4200,1276,72000,1276,919,250000,-249081,0.919,250.0,-249.081
2016,Albany,New York,931,211100,4321,1270,71279,1270,1850,251276,-249426,1.85,251.276,-249.426
2017,Albany,New York,969,214400,4465,1291,71274,1291,2819,252546,-249727,2.819,252.546,-249.727
2018,Albany,New York,993,218100,4577,1321,71253,1321,3812,253837,-250025,3.812,253.837,-250.025
2019,Albany,New York,1022,222500,4666,1322,71341,1322,4834,255158,-250324,4.834,255.158,-250.324
2020,Albany,New York,1057,230300,4726,1314,71829,1314,5891,256480,-250589,5.891,256.48,-250.589
2021,Albany,New York,1113,235200,4835,1361,74905,1361,7004,257794,-250790,7.004,257.794,-250.79
2022,Albany,New York,1196,263800,5114,1436,74707,1436,8200,259155,-250955,8.2,259.155,-250.955
2023,Albany,New York,1252,277400,5253,1483,75285,1483,9452,260591,-251139,9.452,260.591,-251.139
2015,Allegany,New York,606,70300,2320,680,13373,680,606,250000,-249394,0.606,250.0,-249.394
2016,Allegany,New York,618,72100,2367,661,13334,661,1224,250680,-249456,1.224,250.68,-249.456
2017,Allegany,New York,633,73300,2421,659,13463,659,1857,251341,-249484,1.857,251.341,-249.484
2018,Allegany,New York,645,73900,2420,665,13533,665,2502,252000,-249498,2.502,252.0,-249.498
2019,Allegany,New York,658,76400,2479,663,13678,663,3160,252665,-249505,3.16,252.665,-249.505
2020,Allegany,New York,659,78400,2574,678,14266,678,3819,253328,-249509,3.819,253.328,-249.509
2021,Allegany,New York,686,80900,2607,688,13502,688,4505,254006,-249501,4.505,254.006,-249.501
2022,Allegany,New York,735,93200,2814,744,13584,744,5240,254694,-249454,5.24,254.694,-249.454
2023,Allegany,New York,754,97900,2881,762,13698,762,5994,255438,-249444,5.994,255.438,-249.444
2015,Bronx,New York,1074,363400,3337,1499,91993,1499,1074,0,1074,1.074,0.0,1.074
2016,Bronx,New York,1098,363600,3464,1480,93569,1480,2172,0,2172,2.172,0.0,2.172
2017,Bronx,New York,1133,371800,3594,1472,97658,1472,3305,0,3305,3.305,0.0,3.305
2018,Bronx,New York,1176,382900,3762,1523,97983,1523,4481,0,4481,4.481,0.0,4.481
2019,Bronx,New York,1212,404700,3932,1537,99212,1537,5693,0,5693,5.693,0.0,5.693
2020,Bronx,New York,1247,427900,4208,1557,102325,1557,6940,0,6940,6.94,0.0,6.94
2021,Bronx,New York,1306,445900,4567,1641,103443,1641,8246,0,8246,8.246,0.0,8.246
2022,Bronx,New York,1401,501400,4984,1716,104887,1716,9647,0,9647,9.647,0.0,9.647
2023,Bronx,New York,1436,517000,5310,1777,107439,1777,11083,0,11083,11.083,0.0,11.083
2015,Broome,New York,703,109900,2928,846,51992,846,703,250000,-249297,0.703,250.0,-249.297
2016,Broome,New York,717,112300,3053,843,51475,843,1420,250846,-249426,1.42,250.846,-249.426
2017,Broome,New York,734,113100,3133,855,51769,855,2154,251689,-249535,2.154,251.689,-249.535
2018,Broome,New York,766,115600,3200,877,51327,877,2920,252544,-249624,2.92,252.544,-249.624
2019,Broome,New York,776,117000,3279,869,51189,869,3696,253421,-249725,3.696,253.421,-249.725
2020,Broome,New York,782,120200,3397,853,51780,853,4478,254290,-249812,4.478,254.29,-249.812
2021,Broome,New York,806,122200,3480,885,52654,885,5284,255143,-249859,5.284,255.143,-249.859
2022,Broome,New York,882,139200,3698,959,52748,959,6166,256028,-249862,6.166,256.028,-249.862
2023,Broome,New York,914,145100,3824,983,52810,983,7080,256987,-249907,7.08,256.987,-249.907
2015,Cattaraugus,New York,617,84600,2564,725,22560,725,617,250000,-249383,0.617,250.0,-249.383
2016,Cattaraugus,New York,616,85100,2608,720,22606,720,1233,250725,-249492,1.233,250.725,-249.492
2017,Cattaraugus,New York,626,86500,2689,730,22617,730,1859,251445,-249586,1.859,251.445,-249.586
2018,Cattaraugus,New York,639,86200,2706,729,22458,729,2498,252175,-249677,2.498,252.175,-249.677
2019,Cattaraugus,New York,655,88100,2722,726,22778,726,3153,252904,-249751,3.153,252.904,-249.751
2020,Cattaraugus,New York,654,90200,2789,732,23090,732,3807,253630,-249823,3.807,253.63,-249.823
2021,Cattaraugus,New York,682,92500,2813,728,22737,728,4489,254362,-249873,4.489,254.362,-249.873
2022,Cattaraugus,New York,745,105100,2902,768,23220,768,5234,255090,-249856,5.234,255.09,-249.856
2023,Cattaraugus,New York,759,109400,2946,767,23732,767,5993,255858,-249865,5.993,255.858,-249.865
2015,Cayuga,New York,673,113600,2944,900,22028,900,673,250000,-249327,0.673,250.0,-249.327
2016,Cayuga,New York,695,117800,3007,887,21993,887,1368,250900,-249532,1.368,250.9,-249.532
2017,Cayuga,New York,715,120000,2997,903,22255,903,2083,251787,-249704,2.083,251.787,-249.704
2018,Cayuga,New York,747,123000,3052,929,22189,929,2830,252690,-249860,2.83,252.69,-249.86
2019,Cayuga,New York,763,128000,3163,927,22251,927,3593,253619,-250026,3.593,253.619,-250.026
2020,Cayuga,New York,769,131700,3193,910,21886,910,4362,254546,-250184,4.362,254.546,-250.184
2021,Cayuga,New York,799,138200,3345,964,21571,964,5161,255456,-250295,5.161,255.456,-250.295
2022,Cayuga,New York,868,158900,3727,1026,21643,1026,6029,256420,-250391,6.029,256.42,-250.391
2023,Cayuga,New York,895,164200,3747,1051,22533,1051,6924,257446,-250522,6.924,257.446,-250.522
2015,Chautauqua,New York,612,84500,2371,713,37284,713,612,250000,-249388,0.612,250.0,-249.388
2016,Chautauqua,New York,619,85500,2422,699,36888,699,1231,250713,-249482,1.231,250.713,-249.482
2017,Chautauqua,New York,631,85800,2460,702,37098,702,1862,251412,-249550,1.862,251.412,-249.55
2018,Chautauqua,New York,649,86300,2479,708,36802,708,2511,252114,-249603,2.511,252.114,-249.603
2019,Chautauqua,New York,659,88000,2520,699,36755,699,3170,252822,-249652,3.17,252.822,-249.652
2020,Chautauqua,New York,675,92900,2605,709,36795,709,3845,253521,-249676,3.845,253.521,-249.676
2021,Chautauqua,New York,694,96000,2632,723,36515,723,4539,254230,-249691,4.539,254.23,-249.691
2022,Chautauqua,New York,759,110900,2784,776,36891,776,5298,254953,-249655,5.298,254.953,-249.655
2023,Chautauqua,New York,797,119300,2846,785,37020,785,6095,255729,-249634,6.095,255.729,-249.634
2015,Chemung,New York,713,100400,2580,812,24286,812,713,250000,-249287,0.713,250.0,-249.287
2016,Chemung,New York,723,101800,2609,816,23815,816,1436,250812,-249376,1.436,250.812,-249.376
2017,Chemung,New York,764,105500,2733,835,23609,835,2200,251628,-249428,2.2,251.628,-249.428
2018,Chemung,New York,805,106500,2798,847,23349,847,3005,252463,-249458,3.005,252.463,-249.458
2019,Chemung,New York,813,105800,2831,839,23217,839,3818,253310,-249492,3.818,253.31,-249.492
2020,Chemung,New York,862,108900,2872,829,23069,829,4680,254149,-249469,4.68,254.149,-249.469
2021,Chemung,New York,918,114600,3092,851,23353,851,5598,254978,-249380,5.598,254.978,-249.38
2022,Chemung,New York,991,128200,3267,916,23801,916,6589,255829,-249240,6.589,255.829,-249.24
2023,Chemung,New York,1020,132100,3332,952,24384,952,7609,256745,-249136,7.609,256.745,-249.136
2015,Chenango,New York,637,91700,2300,736,14785,736,637,250000,-249363,0.637,250.0,-249.363
2016,Chenango,New York,632,93400,2390,735,14968,735,1269,250736,-249467,1.269,250.736,-249.467
2017,Chenango,New York,645,95900,2451,730,15265,730,1914,251471,-249557,1.914,251.471,-249.557
2018,Chenango,New York,667,97000,2537,745,15370,745,2581,252201,-249620,2.581,252.201,-249.62
2019,Chenango,New York,678,98400,2545,745,15414,745,3259,252946,-249687,3.259,252.946,-249.687
2020,Chenango,New York,692,102300,2722,766,15574,766,3951,253691,-249740,3.951,253.691,-249.74
2021,Chenango,New York,714,107900,2830,810,15063,810,4665,254457,-249792,4.665,254.457,-249.792
2022,Chenango,New York,798,121100,2966,883,15170,883,5463,255267,-249804,5.463,255.267,-249.804
2023,Chenango,New York,819,128100,3061,905,15112,905,6282,256150,-249868,6.282,256.15,-249.868
2015,Clinton,New York,744,124200,2540,836,21713,836,744,250000,-249256,0.744,250.0,-249.256
2016,Clinton,New York,748,127500,2554,812,21598,812,1492,250836,-249344,1.492,250.836,-249.344
2017,Clinton,New York,762,129000,2652,821,21542,821,2254,251648,-249394,2.254,251.648,-249.394
2018,Clinton,New York,796,132000,2697,841,21264,841,3050,252469,-249419,3.05,252.469,-249.419
2019,Clinton,New York,810,134100,2719,844,20810,844,3860,253310,-249450,3.86,253.31,-249.45
2020,Clinton,New York,835,139600,2864,858,21421,858,4695,254154,-249459,4.695,254.154,-249.459
2021,Clinton,New York,872,143800,2997,933,22113,933,5567,255012,-249445,5.567,255.012,-249.445
2022,Clinton,New York,944,165200,3351,1016,22542,1016,6511,255945,-249434,6.511,255.945,-249.434
2023,Clinton,New York,956,175100,3461,1009,22911,1009,7467,256961,-249494,7.467,256.961,-249.494
2015,Columbia,New York,884,222100,4216,1204,18141,1204,884,250000,-249116,0.884,250.0,-249.116
2016,Columbia,New York,877,222300,4224,1166,18331,1166,1761,251204,-249443,1.761,251.204,-249.443
2017,Columbia,New York,886,224600,4334,1164,18429,1164,2647,252370,-249723,2.647,252.37,-249.723
2018,Columbia,New York,931,231100,4469,1170,18201,1170,3578,253534,-249956,3.578,253.534,-249.956
2019,Columbia,New York,928,233600,4392,1175,18403,1175,4506,254704,-250198,4.506,254.704,-250.198
2020,Columbia,New York,944,236500,4339,1153,18530,1153,5450,255879,-250429,5.45,255.879,-250.429
2021,Columbia,New York,992,250600,4502,1213,18332,1213,6442,257032,-250590,6.442,257.032,-250.59
2022,Columbia,New York,1114,283700,4854,1322,18868,1322,7556,258245,-250689,7.556,258.245,-250.689
2023,Columbia,New York,1199,309800,4795,1354,19668,1354,8755,259567,-250812,8.755,259.567,-250.812
2015,Cortland,New York,684,108200,3418,911,11788,911,684,250000,-249316,0.684,250.0,-249.316
2016,Cortland,New York,700,111400,3487,917,11511,917,1384,250911,-249527,1.384,250.911,-249.527
2017,Cortland,New York,742,113900,3610,928,11598,928,2126,251828,-249702,2.126,251.828,-249.702
2018,Cortland,New York,764,118100,3716,940,11710,940,2890,252756,-249866,2.89,252.756,-249.866
2019,Cortland,New York,778,123800,3848,951,11648,951,3668,253696,-250028,3.668,253.696,-250.028
2020,Cortland,New York,787,126700,3843,934,11906,934,4455,254647,-250192,4.455,254.647,-250.192
2021,Cortland,New York,811,130000,3843,951,12296,951,5266,255581,-250315,5.266,255.581,-250.315
2022,Cortland,New York,884,148200,4035,1016,12213,1016,6150,256532,-250382,6.15,256.532,-250.382
2023,Cortland,New York,911,158100,4184,1084,12460,1084,7061,257548,-250487,7.061,257.548,-250.487
2015,Delaware,New York,668,132400,2554,758,14000,758,668,250000,-249332,0.668,250.0,-249.332
2016,Delaware,New York,682,135200,2636,749,13787,749,1350,250758,-249408,1.35,250.758,-249.408
2017,Delaware,New York,696,138000,2748,754,14008,754,2046,251507,-249461,2.046,251.507,-249.461
2018,Delaware,New York,696,136300,2743,788,14132,788,2742,252261,-249519,2.742,252.261,-249.519
2019,Delaware,New York,691,139300,2746,777,14010,777,3433,253049,-249616,3.433,253.049,-249.616
2020,Delaware,New York,700,144000,2781,767,14296,767,4133,253826,-249693,4.133,253.826,-249.693
2021,Delaware,New York,723,147600,2812,808,14054,808,4856,254593,-249737,4.856,254.593,-249.737
2022,Delaware,New York,785,160400,2938,889,14490,889,5641,255401,-249760,5.641,255.401,-249.76
2023,Delaware,New York,848,176200,3059,944,14530,944,6489,256290,-249801,6.489,256.29,-249.801
2015,Dutchess,New York,1130,275600,5826,1791,73727,1791,1130,0,1130,1.13,0.0,1.13
2016,Dutchess,New York,1141,274300,5935,1770,73505,1770,2271,0,2271,2.271,0.0,2.271
2017,Dutchess,New York,1174,275200,6047,1772,74264,1772,3445,0,3445,3.445,0.0,3.445
2018,Dutchess,New York,1194,278100,6192,1776,73809,1776,4639,0,4639,4.639,0.0,4.639
2019,Dutchess,New York,1220,282000,6390,1748,74540,1748,5859,0,5859,5.859,0.0,5.859
2020,Dutchess,New York,1237,290700,6458,1700,75080,1700,7096,0,7096,7.096,0.0,7.096
2021,Dutchess,New York,1314,304600,6674,1770,76956,1770,8410,0,8410,8.41,0.0,8.41
2022,Dutchess,New York,1425,348700,7135,1890,78430,1890,9835,0,9835,9.835,0.0,9.835
2023,Dutchess,New York,1522,368100,7226,1924,79284,1924,11357,0,11357,11.357,0.0,11.357
2015,Erie,New York,739,130000,3499,938,248889,938,739,250000,-249261,0.739,250.0,-249.261
2016,Erie,New York,752,134600,3582,941,249815,941,1491,250938,-249447,1.491,250.938,-249.447
2017,Erie,New York,778,139900,3686,951,251212,951,2269,251879,-249610,2.269,251.879,-249.61
2018,Erie,New York,804,146500,3781,968,251238,968,3073,252830,-249757,3.073,252.83,-249.757
2019,Erie,New York,829,153400,3891,985,251583,985,3902,253798,-249896,3.902,253.798,-249.896
2020,Erie,New York,852,160700,3972,979,254697,979,4754,254783,-250029,4.754,254.783,-250.029
2021,Erie,New York,893,169100,4107,1014,262725,1014,5647,255762,-250115,5.647,255.762,-250.115
2022,Erie,New York,984,197400,4392,1086,264980,1086,6631,256776,-250145,6.631,256.776,-250.145
2023,Erie,New York,1037,217400,4525,1125,267519,1125,7668,257862,-250194,7.668,257.862,-250.194
2015,Essex,New York,805,145100,2424,826,11275,826,805,250000,-249195,0.805,250.0,-249.195
2016,Essex,New York,792,144100,2482,814,11316,814,1597,250826,-249229,1.597,250.826,-249.229
2017,Essex,New York,798,146900,2581,866,11600,866,2395,251640,-249245,2.395,251.64,-249.245
2018,Essex,New York,802,151900,2645,879,11663,879,3197,252506,-249309,3.197,252.506,-249.309
2019,Essex,New York,812,153600,2766,876,11903,876,4009,253385,-249376,4.009,253.385,-249.376
2020,Essex,New York,810,160400,2812,879,12363,879,4819,254261,-249442,4.819,254.261,-249.442
2021,Essex,New York,845,162700,3103,956,12038,956,5664,255140,-249476,5.664,255.14,-249.476
2022,Essex,New York,875,189500,3285,1013,12129,1013,6539,256096,-249557,6.539,256.096,-249.557
2023,Essex,New York,890,200000,3111,1024,12520,1024,7429,257109,-249680,7.429,257.109,-249.68
2015,Franklin,New York,671,101600,2019,743,13927,743,671,250000,-249329,0.671,250.0,-249.329
2016,Franklin,New York,666,100900,1983,735,13956,735,1337,250743,-249406,1.337,250.743,-249.406
2017,Franklin,New York,670,102200,2136,738,13820,738,2007,251478,-249471,2.007,251.478,-249.471
2018,Franklin,New York,702,105500,2257,765,13829,765,2709,252216,-249507,2.709,252.216,-249.507
2019,Franklin,New York,703,108700,2281,741,13577,741,3412,252981,-249569,3.412,252.981,-249.569
2020,Franklin,New York,706,110600,2262,739,13607,739,4118,253722,-249604,4.118,253.722,-249.604
2021,Franklin,New York,751,118800,2282,766,13203,766,4869,254461,-249592,4.869,254.461,-249.592
2022,Franklin,New York,788,131600,2370,823,13423,823,5657,255227,-249570,5.657,255.227,-249.57
2023,Franklin,New York,819,128600,2418,838,13692,838,6476,256050,-249574,6.476,256.05,-249.574
2015,Fulton,New York,711,108200,2648,811,15684,811,711,250000,-249289,0.711,250.0,-249.289
2016,Fulton,New York,722,108300,2719,794,15808,794,1433,250811,-249378,1.433,250.811,-249.378
2017,Fulton,New York,734,107600,2727,791,16085,791,2167,251605,-249438,2.167,251.605,-249.438
2018,Fulton,New York,759,108700,2748,792,16036,792,2926,252396,-249470,2.926,252.396,-249.47
2019,Fulton,New York,779,109600,2827,778,15942,778,3705,253188,-249483,3.705,253.188,-249.483
2020,Fulton,New York,777,120100,2894,794,15612,794,4482,253966,-249484,4.482,253.966,-249.484
2021,Fulton,New York,792,124500,3082,842,14965,842,5274,254760,-249486,5.274,254.76,-249.486
2022,Fulton,New York,855,142000,3217,923,15265,923,6129,255602,-249473,6.129,255.602,-249.473
2023,Fulton,New York,883,156100,3325,963,15645,963,7012,256525,-249513,7.012,256.525,-249.513
2015,Genesee,New York,724,107000,3047,894,17467,894,724,250000,-249276,0.724,250.0,-249.276
2016,Genesee,New York,716,108700,3114,891,17456,891,1440,250894,-249454,1.44,250.894,-249.454
2017,Genesee,New York,748,111900,3195,894,17369,894,2188,251785,-249597,2.188,251.785,-249.597
2018,Genesee,New York,746,117600,3310,924,17201,924,2934,252679,-249745,2.934,252.679,-249.745
2019,Genesee,New York,747,119800,3354,926,17168,926,3681,253603,-249922,3.681,253.603,-249.922
2020,Genesee,New York,786,125200,3456,916,17501,916,4467,254529,-250062,4.467,254.529,-250.062
2021,Genesee,New York,808,130100,3574,934,17756,934,5275,255445,-250170,5.275,255.445,-250.17
2022,Genesee,New York,866,148600,3798,1022,17919,1022,6141,256379,-250238,6.141,256.379,-250.238
2023,Genesee,New York,909,157800,3958,1078,18381,1078,7050,257401,-250351,7.05,257.401,-250.351
2015,Greene,New York,837,177700,2989,1022,13261,1022,837,250000,-249163,0.837,250.0,-249.163
2016,Greene,New York,856,175900,2996,983,12895,983,1693,251022,-249329,1.693,251.022,-249.329
2017,Greene,New York,876,176100,2992,989,12960,989,2569,252005,-249436,2.569,252.005,-249.436
2018,Greene,New York,906,174700,3151,1001,12681,1001,3475,252994,-249519,3.475,252.994,-249.519
2019,Greene,New York,908,176300,3277,1036,12796,1036,4383,253995,-249612,4.383,253.995,-249.612
2020,Greene,New York,925,185600,3511,977,13550,977,5308,255031,-249723,5.308,255.031,-249.723
2021,Greene,New York,963,190000,3668,1036,13438,1036,6271,256008,-249737,6.271,256.008,-249.737
2022,Greene,New York,1013,229500,4048,1154,13589,1154,7284,257044,-249760,7.284,257.044,-249.76
2023,Greene,New York,993,248300,4116,1261,14107,1261,8277,258198,-249921,8.277,258.198,-249.921
2015,Hamilton,New York,622,162600,2036,663,1177,663,622,250000,-249378,0.622,250.0,-249.378
2016,Hamilton,New York,733,165500,1866,699,1055,699,1355,250663,-249308,1.355,250.663,-249.308
2017,Hamilton,New York,713,164000,1825,743,927,743,2068,251362,-249294,2.068,251.362,-249.294
2018,Hamilton,New York,761,164900,1839,755,963,755,2829,252105,-249276,2.829,252.105,-249.276
2019,Hamilton,New York,783,166000,1690,643,1003,643,3612,252860,-249248,3.612,252.86,-249.248
2020,Hamilton,New York,841,170500,1834,767,1208,767,4453,253503,-249050,4.453,253.503,-249.05
2021,Hamilton,New York,873,170600,1821,743,1261,743,5326,254270,-248944,5.326,254.27,-248.944
2022,Hamilton,New York,902,204900,2197,823,1465,823,6228,255013,-248785,6.228,255.013,-248.785
2023,Hamilton,New York,860,242000,2369,805,1741,805,7088,255836,-248748,7.088,255.836,-248.748
2015,Herkimer,New York,623,96100,2423,750,18556,750,623,250000,-249377,0.623,250.0,-249.377
2016,Herkimer,New York,636,97300,2437,741,18066,741,1259,250750,-249491,1.259,250.75,-249.491
2017,Herkimer,New York,657,95800,2444,728,18053,728,1916,251491,-249575,1.916,251.491,-249.575
2018,Herkimer,New York,680,97200,2500,733,17821,733,2596,252219,-249623,2.596,252.219,-249.623
2019,Herkimer,New York,675,100000,2607,728,18052,728,3271,252952,-249681,3.271,252.952,-249.681
2020,Herkimer,New York,680,106600,2709,744,18647,744,3951,253680,-249729,3.951,253.68,-249.729
2021,Herkimer,New York,709,110500,2747,764,18270,764,4660,254424,-249764,4.66,254.424,-249.764
2022,Herkimer,New York,776,130900,3023,848,18744,848,5436,255188,-249752,5.436,255.188,-249.752
2023,Herkimer,New York,811,135000,3067,875,19296,875,6247,256036,-249789,6.247,256.036,-249.789
2015,Jefferson,New York,947,141000,2331,886,24610,886,947,250000,-249053,0.947,250.0,-249.053
2016,Jefferson,New York,943,144400,2367,870,24333,870,1890,250886,-248996,1.89,250.886,-248.996
2017,Jefferson,New York,966,149300,2448,888,24012,888,2856,251756,-248900,2.856,251.756,-248.9
2018,Jefferson,New York,979,149500,2486,887,24108,887,3835,252644,-248809,3.835,252.644,-248.809
2019,Jefferson,New York,987,149900,2514,893,24135,893,4822,253531,-248709,4.822,253.531,-248.709
2020,Jefferson,New York,1018,150100,2575,880,23980,880,5840,254424,-248584,5.84,254.424,-248.584
2021,Jefferson,New York,1072,154000,2642,950,25121,950,6912,255304,-248392,6.912,255.304,-248.392
2022,Jefferson,New York,1143,169600,2778,1039,25123,1039,8055,256254,-248199,8.055,256.254,-248.199
2023,Jefferson,New York,1214,181000,2851,1076,25278,1076,9269,257293,-248024,9.269,257.293,-248.024
2015,Kings,New York,1215,570200,3656,1834,272717,1834,1215,0,1215,1.215,0.0,1.215
2016,Kings,New York,1262,590500,3834,1822,276447,1822,2477,0,2477,2.477,0.0,2.477
2017,Kings,New York,1314,623900,4074,1844,283752,1844,3791,0,3791,3.791,0.0,3.791
2018,Kings,New York,1374,665300,4358,1893,285330,1893,5165,0,5165,5.165,0.0,5.165
2019,Kings,New York,1426,706000,4636,1944,288632,1944,6591,0,6591,6.591,0.0,6.591
2020,Kings,New York,1483,734800,4980,1949,295080,1949,8074,0,8074,8.074,0.0,8.074
2021,Kings,New York,1582,767500,5377,2040,302305,2040,9656,0,9656,9.656,0.0,9.656
2022,Kings,New York,1715,865300,5881,2201,302505,2201,11371,0,11371,11.371,0.0,11.371
2023,Kings,New York,1784,889700,6120,2248,300026,2248,13155,0,13155,13.155,0.0,13.155
2015,Lewis,New York,699,117300,2009,738,8066,738,699,250000,-249301,0.699,250.0,-249.301
2016,Lewis,New York,708,122000,2124,748,7849,748,1407,250738,-249331,1.407,250.738,-249.331
2017,Lewis,New York,742,121700,2232,750,7987,750,2149,251486,-249337,2.149,251.486,-249.337
2018,Lewis,New York,733,120000,2260,779,8111,779,2882,252236,-249354,2.882,252.236,-249.354
2019,Lewis,New York,768,120200,2304,753,8282,753,3650,253015,-249365,3.65,253.015,-249.365
2020,Lewis,New York,700,122800,2313,769,8407,769,4350,253768,-249418,4.35,253.768,-249.418
2021,Lewis,New York,725,128600,2431,789,8603,789,5075,254537,-249462,5.075,254.537,-249.462
2022,Lewis,New York,768,146100,2602,861,8620,861,5843,255326,-249483,5.843,255.326,-249.483
2023,Lewis,New York,821,158000,2682,889,8812,889,6664,256187,-249523,6.664,256.187,-249.523
2015,Livingston,New York,721,121200,3449,960,17624,960,721,250000,-249279,0.721,250.0,-249.279
2016,Livingston,New York,722,123000,3473,941,17745,941,1443,250960,-249517,1.443,250.96,-249.517
2017,Livingston,New York,755,125000,3513,948,17888,948,2198,251901,-249703,2.198,251.901,-249.703
2018,Livingston,New York,781,126700,3581,976,17903,976,2979,252849,-249870,2.979,252.849,-249.87
2019,Livingston,New York,798,129400,3636,989,18054,989,3777,253825,-250048,3.777,253.825,-250.048
2020,Livingston,New York,793,134000,3654,963,18683,963,4570,254814,-250244,4.57,254.814,-250.244
2021,Livingston,New York,843,142000,3812,1019,18320,1019,5413,255777,-250364,5.413,255.777,-250.364
2022,Livingston,New York,919,159900,4050,1059,18546,1059,6332,256796,-250464,6.332,256.796,-250.464
2023,Livingston,New York,912,169600,4182,1078,18759,1078,7244,257855,-250611,7.244,257.855,-250.611
2015,Madison,New York,718,124900,3123,975,19755,975,718,250000,-249282,0.718,250.0,-249.282
2016,Madison,New York,728,128000,3148,966,19703,966,1446,250975,-249529,1.446,250.975,-249.529
2017,Madison,New York,755,132800,3312,987,19985,987,2201,251941,-249740,2.201,251.941,-249.74
2018,Madison,New York,771,131800,3335,984,19965,984,2972,252928,-249956,2.972,252.928,-249.956
2019,Madison,New York,783,136800,3422,987,20016,987,3755,253912,-250157,3.755,253.912,-250.157
2020,Madison,New York,768,140000,3514,996,20365,996,4523,254899,-250376,4.523,254.899,-250.376
2021,Madison,New York,789,151100,3656,1049,19294,1049,5312,255895,-250583,5.312,255.895,-250.583
2022,Madison,New York,867,162800,3886,1102,19606,1102,6179,256944,-250765,6.179,256.944,-250.765
2023,Madison,New York,891,176800,4058,1124,20047,1124,7070,258046,-250976,7.07,258.046,-250.976
2015,Monroe,New York,826,138600,4307,1103,192326,1103,826,250000,-249174,0.826,250.0,-249.174
2016,Monroe,New York,843,140200,4396,1098,191707,1098,1669,251103,-249434,1.669,251.103,-249.434
2017,Monroe,New York,872,142300,4533,1105,191781,1105,2541,252201,-249660,2.541,252.201,-249.66
2018,Monroe,New York,902,144700,4653,1122,191759,1122,3443,253306,-249863,3.443,253.306,-249.863
2019,Monroe,New York,927,148400,4781,1133,191783,1133,4370,254428,-250058,4.37,254.428,-250.058
2020,Monroe,New York,947,152000,4798,1123,193319,1123,5317,255561,-250244,5.317,255.561,-250.244
2021,Monroe,New York,991,160000,4923,1161,198738,1161,6308,256684,-250376,6.308,256.684,-250.376
2022,Monroe,New York,1085,182700,5306,1233,200332,1233,7393,257845,-250452,7.393,257.845,-250.452
2023,Monroe,New York,1126,197100,5495,1272,201032,1272,8519,259078,-250559,8.519,259.078,-250.559
2015,Montgomery,New York,702,101600,3177,868,13109,868,702,250000,-249298,0.702,250.0,-249.298
2016,Montgomery,New York,721,99100,3234,851,13040,851,1423,250868,-249445,1.423,250.868,-249.445
2017,Montgomery,New York,732,99900,3278,858,13565,858,2155,251719,-249564,2.155,251.719,-249.564
2018,Montgomery,New York,749,101000,3217,851,13375,851,2904,252577,-249673,2.904,252.577,-249.673
2019,Montgomery,New York,783,105400,3233,844,13455,844,3687,253428,-249741,3.687,253.428,-249.741
2020,Montgomery,New York,759,110700,3308,869,13241,869,4446,254272,-249826,4.446,254.272,-249.826
2021,Montgomery,New York,793,113500,3363,894,13165,894,5239,255141,-249902,5.239,255.141,-249.902
2022,Montgomery,New York,867,132300,3488,969,13001,969,6106,256035,-249929,6.106,256.035,-249.929
2023,Montgomery,New York,921,141600,3630,1001,13336,1001,7027,257004,-249977,7.027,257.004,-249.977
2015,Nassau,New York,1578,446400,10001,2455,353777,2455,1578,0,1578,1.578,0.0,1.578
2016,Nassau,New York,1603,451700,10001,2450,353420,2450,3181,0,3181,3.181,0.0,3.181
2017,Nassau,New York,1663,460700,10001,2494,357982,2494,4844,0,4844,4.844,0.0,4.844
2018,Nassau,New York,1738,474800,10001,2547,359301,2547,6582,0,6582,6.582,0.0,6.582
2019,Nassau,New York,1772,493500,10001,2605,360578,2605,8354,0,8354,8.354,0.0,8.354
2020,Nassau,New York,1831,524400,10001,2612,365052,2612,10185,0,10185,10.185,0.0,10.185
2021,Nassau,New York,1940,560100,10001,2704,370368,2704,12125,0,12125,12.125,0.0,12.125
2022,Nassau,New York,2131,633800,10001,2911,372021,2911,14256,0,14256,14.256,0.0,14.256
2023,Nassau,New York,2195,658700,10001,3000,373665,3000,16451,0,16451,16.451,0.0,16.451
2015,New York,New York,1519,848700,7208,1903,172079,1903,1519,0,1519,1.519,0.0,1.519
2016,New York,New York,1575,871500,7641,1886,174361,1886,3094,0,3094,3.094,0.0,3.094
2017,New York,New York,1615,915300,8237,1889,182453,1889,4709,0,4709,4.709,0.0,4.709
2018,New York,New York,1682,944600,8980,1941,182949,1941,6391,0,6391,6.391,0.0,6.391
2019,New York,New York,1740,987700,9817,1987,182796,1987,8131,0,8131,8.131,0.0,8.131
2020,New York,New York,1787,1024500,10001,2100,182507,2100,9918,0,9918,9.918,0.0,9.918
2021,New York,New York,1869,1008500,10001,2252,189119,2252,11787,0,11787,11.787,0.0,11.787
2022,New York,New York,2024,1104000,10001,2479,187921,2479,13811,0,13811,13.811,0.0,13.811
2023,New York,New York,2132,1108900,10001,2642,191643,2642,15943,0,15943,15.943,0.0,15.943
2015,Niagara,New York,654,108000,3255,881,62294,881,654,250000,-249346,0.654,250.0,-249.346
2016,Niagara,New York,657,111500,3339,885,62309,885,1311,250881,-249570,1.311,250.881,-249.57
2017,Niagara,New York,669,114800,3420,882,62888,882,1980,251766,-249786,1.98,251.766,-249.786
2018,Niagara,New York,692,119300,3473,900,62872,900,2672,252648,-249976,2.672,252.648,-249.976
2019,Niagara,New York,703,125600,3577,906,62543,906,3375,253548,-250173,3.375,253.548,-250.173
2020,Niagara,New York,714,131600,3634,898,64549,898,4089,254454,-250365,4.089,254.454,-250.365
2021,Niagara,New York,753,140400,3697,921,64724,921,4842,255352,-250510,4.842,255.352,-250.51
2022,Niagara,New York,823,163100,3958,990,64550,990,5665,256273,-250608,5.665,256.273,-250.608
2023,Niagara,New York,870,177400,4052,1021,64870,1021,6535,257263,-250728,6.535,257.263,-250.728
2015,Oneida,New York,706,114000,2901,868,59675,868,706,250000,-249294,0.706,250.0,-249.294
2016,Oneida,New York,712,117600,2976,868,60083,868,1418,250868,-249450,1.418,250.868,-249.45
2017,Oneida,New York,735,120000,3070,878,60271,878,2153,251736,-249583,2.153,251.736,-249.583
2018,Oneida,New York,755,123100,3146,896,60296,896,2908,252614,-249706,2.908,252.614,-249.706
2019,Oneida,New York,766,127700,3230,899,60547,899,3674,253510,-249836,3.674,253.51,-249.836
2020,Oneida,New York,777,133100,3269,897,62318,897,4451,254409,-249958,4.451,254.409,-249.958
2021,Oneida,New York,807,138700,3353,920,62148,920,5258,255306,-250048,5.258,255.306,-250.048
2022,Oneida,New York,889,157600,3565,980,63158,980,6147,256226,-250079,6.147,256.226,-250.079
2023,Oneida,New York,917,171100,3646,1005,63966,1005,7064,257206,-250142,7.064,257.206,-250.142
2015,Onondaga,New York,787,135900,3789,1059,120529,1059,787,250000,-249213,0.787,250.0,-249.213
2016,Onondaga,New York,797,137000,3824,1039,120159,1039,1584,251059,-249475,1.584,251.059,-249.475
2017,Onondaga,New York,823,139400,3918,1043,120606,1043,2407,252098,-249691,2.407,252.098,-249.691
2018,Onondaga,New York,852,142300,3983,1065,120348,1065,3259,253141,-249882,3.259,253.141,-249.882
2019,Onondaga,New York,872,145400,4087,1074,119871,1074,4131,254206,-250075,4.131,254.206,-250.075
2020,Onondaga,New York,888,148100,4184,1072,121902,1072,5019,255280,-250261,5.019,255.28,-250.261
2021,Onondaga,New York,926,154100,4376,1131,124179,1131,5945,256352,-250407,5.945,256.352,-250.407
2022,Onondaga,New York,1002,172800,4646,1197,125899,1197,6947,257483,-250536,6.947,257.483,-250.536
2023,Onondaga,New York,1067,185300,4805,1228,128013,1228,8014,258680,-250666,8.014,258.68,-250.666
2015,Ontario,New York,809,145700,3508,1024,32228,1024,809,250000,-249191,0.809,250.0,-249.191
2016,Ontario,New York,821,148400,3605,1037,32075,1037,1630,251024,-249394,1.63,251.024,-249.394
2017,Ontario,New York,837,156500,3770,1045,32389,1045,2467,252061,-249594,2.467,252.061,-249.594
2018,Ontario,New York,875,160000,3850,1062,32639,1062,3342,253106,-249764,3.342,253.106,-249.764
2019,Ontario,New York,896,161800,3973,1070,33054,1070,4238,254168,-249930,4.238,254.168,-249.93
2020,Ontario,New York,898,163100,3942,1066,33237,1066,5136,255238,-250102,5.136,255.238,-250.102
2021,Ontario,New York,962,169200,4087,1089,34097,1089,6098,256304,-250206,6.098,256.304,-250.206
2022,Ontario,New York,1061,192800,4364,1166,34133,1166,7159,257393,-250234,7.159,257.393,-250.234
2023,Ontario,New York,1126,202900,4460,1199,34718,1199,8285,258559,-250274,8.285,258.559,-250.274
2015,Orange,New York,1155,262500,6419,1858,86184,1858,1155,0,1155,1.155,0.0,1.155
2016,Orange,New York,1157,258700,6524,1830,85306,1830,2312,0,2312,2.312,0.0,2.312
2017,Orange,New York,1187,260300,6641,1805,86449,1805,3499,0,3499,3.499,0.0,3.499
2018,Orange,New York,1223,263700,6763,1811,86266,1811,4722,0,4722,4.722,0.0,4.722
2019,Orange,New York,1259,271200,7091,1870,85584,1870,5981,0,5981,5.981,0.0,5.981
2020,Orange,New York,1294,278400,7199,1864,88453,1864,7275,0,7275,7.275,0.0,7.275
2021,Orange,New York,1379,291900,7574,1928,91534,1928,8654,0,8654,8.654,0.0,8.654
2022,Orange,New York,1494,337800,8310,2079,91917,2079,10148,0,10148,10.148,0.0,10.148
2023,Orange,New York,1602,361100,8463,2128,93959,2128,11750,0,11750,11.75,0.0,11.75
2015,Orleans,New York,639,91300,3055,923,12112,923,639,250000,-249361,0.639,250.0,-249.361
2016,Orleans,New York,658,92000,3179,904,12186,904,1297,250923,-249626,1.297,250.923,-249.626
2017,Orleans,New York,683,93600,3237,903,12166,903,1980,251827,-249847,1.98,251.827,-249.847
2018,Orleans,New York,723,95600,3332,913,12346,913,2703,252730,-250027,2.703,252.73,-250.027
2019,Orleans,New York,728,98400,3393,928,12520,928,3431,253643,-250212,3.431,253.643,-250.212
2020,Orleans,New York,782,101400,3445,910,12491,910,4213,254571,-250358,4.213,254.571,-250.358
2021,Orleans,New York,802,107700,3524,965,12065,965,5015,255481,-250466,5.015,255.481,-250.466
2022,Orleans,New York,840,122200,3765,1054,12348,1054,5855,256446,-250591,5.855,256.446,-250.591
2023,Orleans,New York,877,126200,3781,1082,12539,1082,6732,257500,-250768,6.732,257.5,-250.768
2015,Oswego,New York,721,94800,2612,864,32675,864,721,250000,-249279,0.721,250.0,-249.279
2016,Oswego,New York,725,96000,2706,870,32850,870,1446,250864,-249418,1.446,250.864,-249.418
2017,Oswego,New York,748,97800,2812,896,33302,896,2194,251734,-249540,2.194,251.734,-249.54
2018,Oswego,New York,763,102000,2899,910,33504,910,2957,252630,-249673,2.957,252.63,-249.673
2019,Oswego,New York,777,104600,2997,913,33965,913,3734,253540,-249806,3.734,253.54,-249.806
2020,Oswego,New York,806,109500,3123,913,33912,913,4540,254453,-249913,4.54,254.453,-249.913
2021,Oswego,New York,844,115900,3272,953,34507,953,5384,255366,-249982,5.384,255.366,-249.982
2022,Oswego,New York,899,131800,3544,1022,34694,1022,6283,256319,-250036,6.283,256.319,-250.036
2023,Oswego,New York,943,139600,3595,1061,34837,1061,7226,257341,-250115,7.226,257.341,-250.115
2015,Otsego,New York,776,142800,2529,802,17352,802,776,250000,-249224,0.776,250.0,-249.224
2016,Otsego,New York,775,140600,2528,797,17350,797,1551,250802,-249251,1.551,250.802,-249.251
2017,Otsego,New York,808,141900,2598,797,17553,797,2359,251599,-249240,2.359,251.599,-249.24
2018,Otsego,New York,833,144000,2695,816,17174,816,3192,252396,-249204,3.192,252.396,-249.204
2019,Otsego,New York,833,146400,2702,808,16892,808,4025,253212,-249187,4.025,253.212,-249.187
2020,Otsego,New York,827,150700,2725,849,17157,849,4852,254020,-249168,4.852,254.02,-249.168
2021,Otsego,New York,863,154200,2881,880,16568,880,5715,254869,-249154,5.715,254.869,-249.154
2022,Otsego,New York,927,166500,2930,966,16534,966,6642,255749,-249107,6.642,255.749,-249.107
2023,Otsego,New York,942,175900,2911,989,16807,989,7584,256715,-249131,7.584,256.715,-249.131
2015,Putnam,New York,1234,354900,8631,2250,27946,2250,1234,0,1234,1.234,0.0,1.234
2016,Putnam,New York,1307,354800,8922,2264,27961,2264,2541,0,2541,2.541,0.0,2.541
2017,Putnam,New York,1334,357700,9205,2240,28101,2240,3875,0,3875,3.875,0.0,3.875
2018,Putnam,New York,1387,356300,9383,2213,28718,2213,5262,0,5262,5.262,0.0,5.262
2019,Putnam,New York,1453,358500,9464,2206,28513,2206,6715,0,6715,6.715,0.0,6.715
2020,Putnam,New York,1489,366400,9564,2228,28797,2228,8204,0,8204,8.204,0.0,8.204
2021,Putnam,New York,1544,377800,9855,2246,28854,2246,9748,0,9748,9.748,0.0,9.748
2022,Putnam,New York,1691,421800,10001,2368,29299,2368,11439,0,11439,11.439,0.0,11.439
2023,Putnam,New York,1824,448000,10001,2409,29105,2409,13263,0,13263,13.263,0.0,13.263
2015,Queens,New York,1367,450300,3705,1582,340561,1582,1367,0,1367,1.367,0.0,1.367
2016,Queens,New York,1401,462300,3896,1587,341363,1587,2768,0,2768,2.768,0.0,2.768
2017,Queens,New York,1456,481300,4170,1582,346041,1582,4224,0,4224,4.224,0.0,4.224
2018,Queens,New York,1520,504900,4443,1602,347739,1602,5744,0,5744,5.744,0.0,5.744
2019,Queens,New York,1583,543800,4726,1616,348732,1616,7327,0,7327,7.327,0.0,7.327
2020,Queens,New York,1629,575600,5016,1609,353375,1609,8956,0,8956,8.956,0.0,8.956
2021,Queens,New York,1711,603200,5397,1676,366494,1676,10667,0,10667,10.667,0.0,10.667
2022,Queens,New York,1847,677700,5887,1779,369150,1779,12514,0,12514,12.514,0.0,12.514
2023,Queens,New York,1915,699200,6130,1830,371778,1830,14429,0,14429,14.429,0.0,14.429
2015,Rensselaer,New York,875,179100,4380,1266,41240,1266,875,250000,-249125,0.875,250.0,-249.125
2016,Rensselaer,New York,883,180700,4398,1260,40749,1260,1758,251266,-249508,1.758,251.266,-249.508
2017,Rensselaer,New York,908,183400,4529,1272,40878,1272,2666,252526,-249860,2.666,252.526,-249.86
2018,Rensselaer,New York,945,185100,4585,1292,40708,1292,3611,253798,-250187,3.611,253.798,-250.187
2019,Rensselaer,New York,973,188700,4735,1296,40771,1296,4584,255090,-250506,4.584,255.09,-250.506
2020,Rensselaer,New York,987,197100,4766,1263,41200,1263,5571,256386,-250815,5.571,256.386,-250.815
2021,Rensselaer,New York,1046,204200,4913,1321,41693,1321,6617,257649,-251032,6.617,257.649,-251.032
2022,Rensselaer,New York,1141,230800,5235,1399,41507,1399,7758,258970,-251212,7.758,258.97,-251.212
2023,Rensselaer,New York,1182,244300,5357,1430,42452,1430,8940,260369,-251429,8.94,260.369,-251.429
2015,Richmond,New York,1169,439500,3717,1951,114000,1951,1169,0,1169,1.169,0.0,1.169
2016,Richmond,New York,1191,448000,3910,1946,114502,1946,2360,0,2360,2.36,0.0,2.36
2017,Richmond,New York,1229,460200,4177,1970,115428,1970,3589,0,3589,3.589,0.0,3.589
2018,Richmond,New York,1282,478600,4427,2009,115839,2009,4871,0,4871,4.871,0.0,4.871
2019,Richmond,New York,1319,504800,4676,2036,115265,2036,6190,0,6190,6.19,0.0,6.19
2020,Richmond,New York,1379,546100,4998,2023,114975,2023,7569,0,7569,7.569,0.0,7.569
2021,Richmond,New York,1445,575500,5429,2072,116435,2072,9014,0,9014,9.014,0.0,9.014
2022,Richmond,New York,1602,637100,5844,2189,116662,2189,10616,0,10616,10.616,0.0,10.616
2023,Richmond,New York,1689,658500,6074,2255,115534,2255,12305,0,12305,12.305,0.0,12.305
2015,Rockland,New York,1335,419100,10001,2393,68107,2393,1335,0,1335,1.335,0.0,1.335
2016,Rockland,New York,1367,420700,10001,2405,68276,2405,2702,0,2702,2.702,0.0,2.702
2017,Rockland,New York,1420,425100,10001,2433,68822,2433,4122,0,4122,4.122,0.0,4.122
2018,Rockland,New York,1463,434000,10001,2470,68681,2470,5585,0,5585,5.585,0.0,5.585
2019,Rockland,New York,1504,443400,10001,2516,68591,2516,7089,0,7089,7.089,0.0,7.089
2020,Rockland,New York,1558,452500,10001,2494,68703,2494,8647,0,8647,8.647,0.0,8.647
2021,Rockland,New York,1642,465200,10001,2555,69559,2555,10289,0,10289,10.289,0.0,10.289
2022,Rockland,New York,1755,528900,10001,2699,70035,2699,12044,0,12044,12.044,0.0,12.044
2023,Rockland,New York,1826,564200,10001,2779,70496,2779,13870,0,13870,13.87,0.0,13.87
2015,Saratoga,New York,993,232900,3809,1311,64423,1311,993,250000,-249007,0.993,250.0,-249.007
2016,Saratoga,New York,1026,238600,3853,1325,65099,1325,2019,251311,-249292,2.019,251.311,-249.292
2017,Saratoga,New York,1046,243600,3956,1331,66624,1331,3065,252636,-249571,3.065,252.636,-249.571
2018,Saratoga,New York,1090,251200,4101,1379,67383,1379,4155,253967,-249812,4.155,253.967,-249.812
2019,Saratoga,New York,1138,258300,4139,1379,68158,1379,5293,255346,-250053,5.293,255.346,-250.053
2020,Saratoga,New York,1151,266000,4244,1368,69128,1368,6444,256725,-250281,6.444,256.725,-250.281
2021,Saratoga,New York,1198,273500,4413,1405,70842,1405,7642,258093,-250451,7.642,258.093,-250.451
2022,Saratoga,New York,1305,306000,4692,1512,70909,1512,8947,259498,-250551,8.947,259.498,-250.551
2023,Saratoga,New York,1347,324800,4843,1538,72048,1538,10294,261010,-250716,10.294,261.01,-250.716
2015,Schenectady,New York,845,165800,4555,1210,37747,1210,845,250000,-249155,0.845,250.0,-249.155
2016,Schenectady,New York,857,165000,4578,1217,36997,1217,1702,251210,-249508,1.702,251.21,-249.508
2017,Schenectady,New York,894,164100,4653,1199,36519,1199,2596,252427,-249831,2.596,252.427,-249.831
2018,Schenectady,New York,922,165400,4771,1196,35455,1196,3518,253626,-250108,3.518,253.626,-250.108
2019,Schenectady,New York,945,169600,4749,1200,35654,1200,4463,254822,-250359,4.463,254.822,-250.359
2020,Schenectady,New York,964,172500,4779,1227,36775,1227,5427,256022,-250595,5.427,256.022,-250.595
2021,Schenectady,New York,1018,178000,4934,1267,39234,1267,6445,257249,-250804,6.445,257.249,-250.804
2022,Schenectady,New York,1092,204400,5241,1362,40880,1362,7537,258516,-250979,7.537,258.516,-250.979
2023,Schenectady,New York,1159,223100,5486,1439,42327,1439,8696,259878,-251182,8.696,259.878,-251.182
2015,Schoharie,New York,733,147000,3222,952,9512,952,733,250000,-249267,0.733,250.0,-249.267
2016,Schoharie,New York,741,143700,3254,928,9287,928,1474,250952,-249478,1.474,250.952,-249.478
2017,Schoharie,New York,781,143300,3271,941,9471,941,2255,251880,-249625,2.255,251.88,-249.625
2018,Schoharie,New York,792,143500,3330,948,9415,948,3047,252821,-249774,3.047,252.821,-249.774
2019,Schoharie,New York,790,144800,3427,937,9522,937,3837,253769,-249932,3.837,253.769,-249.932
2020,Schoharie,New York,809,142600,3504,911,9630,911,4646,254706,-250060,4.646,254.706,-250.06
2021,Schoharie,New York,847,151700,3735,927,9227,927,5493,255617,-250124,5.493,255.617,-250.124
2022,Schoharie,New York,883,169400,3931,981,9510,981,6376,256544,-250168,6.376,256.544,-250.168
2023,Schoharie,New York,916,182000,3977,984,9662,984,7292,257525,-250233,7.292,257.525,-250.233
2015,Schuyler,New York,640,108500,2564,727,5933,727,640,250000,-249360,0.64,250.0,-249.36
2016,Schuyler,New York,708,111300,2592,760,5767,760,1348,250727,-249379,1.348,250.727,-249.379
2017,Schuyler,New York,741,114700,2644,784,5688,784,2089,251487,-249398,2.089,251.487,-249.398
2018,Schuyler,New York,730,121300,2775,808,5684,808,2819,252271,-249452,2.819,252.271,-249.452
2019,Schuyler,New York,742,133100,2867,827,5505,827,3561,253079,-249518,3.561,253.079,-249.518
2020,Schuyler,New York,765,127000,2941,775,5537,775,4326,253906,-249580,4.326,253.906,-249.58
2021,Schuyler,New York,753,134400,3064,887,5689,887,5079,254681,-249602,5.079,254.681,-249.602
2022,Schuyler,New York,808,151100,3246,934,5724,934,5887,255568,-249681,5.887,255.568,-249.681
2023,Schuyler,New York,858,163300,3165,960,5780,960,6745,256502,-249757,6.745,256.502,-249.757
2015,Seneca,New York,716,97000,2779,834,9806,834,716,250000,-249284,0.716,250.0,-249.284
2016,Seneca,New York,735,98200,2779,814,9922,814,1451,250834,-249383,1.451,250.834,-249.383
2017,Seneca,New York,750,98400,2755,818,9912,818,2201,251648,-249447,2.201,251.648,-249.447
2018,Seneca,New York,761,101400,2831,841,10003,841,2962,252466,-249504,2.962,252.466,-249.504
2019,Seneca,New York,781,107100,2923,860,10022,860,3743,253307,-249564,3.743,253.307,-249.564
2020,Seneca,New York,786,107500,2809,832,10011,832,4529,254167,-249638,4.529,254.167,-249.638
2021,Seneca,New York,828,111800,2895,908,9929,908,5357,254999,-249642,5.357,254.999,-249.642
2022,Seneca,New York,871,132000,3120,984,9882,984,6228,255907,-249679,6.228,255.907,-249.679
2023,Seneca,New York,925,142700,3267,1012,9848,1012,7153,256891,-249738,7.153,256.891,-249.738
2015,St. Lawrence,New York,700,87600,2048,748,29600,748,700,250000,-249300,0.7,250.0,-249.3
2016,St. Lawrence,New York,698,87400,2129,734,29591,734,1398,250748,-249350,1.398,250.748,-249.35
2017,St. Lawrence,New York,723,88000,2208,730,30189,730,2121,251482,-249361,2.121,251.482,-249.361
2018,St. Lawrence,New York,730,91600,2323,736,30183,736,2851,252212,-249361,2.851,252.212,-249.361
2019,St. Lawrence,New York,741,93600,2414,738,30596,738,3592,252948,-249356,3.592,252.948,-249.356
2020,St. Lawrence,New York,715,97000,2499,747,30387,747,4307,253686,-249379,4.307,253.686,-249.379
2021,St. Lawrence,New York,741,99300,2572,780,29788,780,5048,254433,-249385,5.048,254.433,-249.385
2022,St. Lawrence,New York,788,114700,2644,828,29521,828,5836,255213,-249377,5.836,255.213,-249.377
2023,St. Lawrence,New York,799,119800,2735,868,29840,868,6635,256041,-249406,6.635,256.041,-249.406
2015,Steuben,New York,658,91000,2525,742,28756,742,658,250000,-249342,0.658,250.0,-249.342
2016,Steuben,New York,675,94300,2615,748,28545,748,1333,250742,-249409,1.333,250.742,-249.409
2017,Steuben,New York,691,95300,2654,754,28956,754,2024,251490,-249466,2.024,251.49,-249.466
2018,Steuben,New York,692,98200,2703,769,28841,769,2716,252244,-249528,2.716,252.244,-249.528
2019,Steuben,New York,695,99600,2756,778,28995,778,3411,253013,-249602,3.411,253.013,-249.602
2020,Steuben,New York,714,104200,2849,802,29258,802,4125,253791,-249666,4.125,253.791,-249.666
2021,Steuben,New York,755,108100,2917,826,28366,826,4880,254593,-249713,4.88,254.593,-249.713
2022,Steuben,New York,832,121000,3100,893,28480,893,5712,255419,-249707,5.712,255.419,-249.707
2023,Steuben,New York,878,128600,3245,924,28614,924,6590,256312,-249722,6.59,256.312,-249.722
2015,Suffolk,New York,1544,375100,8449,2242,392390,2242,1544,0,1544,1.544,0.0,1.544
2016,Suffolk,New York,1589,376000,8679,2236,389182,2236,3133,0,3133,3.133,0.0,3.133
2017,Suffolk,New York,1646,379400,8902,2239,393065,2239,4779,0,4779,4.779,0.0,4.779
2018,Suffolk,New York,1698,386800,9157,2266,390897,2266,6477,0,6477,6.477,0.0,6.477
2019,Suffolk,New York,1742,397400,9428,2286,394236,2286,8219,0,8219,8.219,0.0,8.219
2020,Suffolk,New York,1810,413900,9598,2239,403707,2239,10029,0,10029,10.029,0.0,10.029
2021,Suffolk,New York,1895,436300,9911,2317,413763,2317,11924,0,11924,11.924,0.0,11.924
2022,Suffolk,New York,2113,490800,10001,2497,417769,2497,14037,0,14037,14.037,0.0,14.037
2023,Suffolk,New York,2190,539500,10001,2549,419631,2549,16227,0,16227,16.227,0.0,16.227
2015,Sullivan,New York,841,165900,3968,1058,18611,1058,841,250000,-249159,0.841,250.0,-249.159
2016,Sullivan,New York,862,165900,4126,1037,18762,1037,1703,251058,-249355,1.703,251.058,-249.355
2017,Sullivan,New York,860,167900,4357,1047,18521,1047,2563,252095,-249532,2.563,252.095,-249.532
2018,Sullivan,New York,876,169500,4456,1066,18872,1066,3439,253142,-249703,3.439,253.142,-249.703
2019,Sullivan,New York,890,172800,4542,1085,19255,1085,4329,254208,-249879,4.329,254.208,-249.879
2020,Sullivan,New York,886,175900,4621,1075,19980,1075,5215,255293,-250078,5.215,255.293,-250.078
2021,Sullivan,New York,933,185700,4740,1116,19948,1116,6148,256368,-250220,6.148,256.368,-250.22
2022,Sullivan,New York,996,220200,4954,1223,20660,1223,7144,257484,-250340,7.144,257.484,-250.34
2023,Sullivan,New York,999,234800,5082,1256,20934,1256,8143,258707,-250564,8.143,258.707,-250.564
2015,Tioga,New York,644,112600,2803,855,15585,855,644,250000,-249356,0.644,250.0,-249.356
2016,Tioga,New York,661,112300,2922,823,15415,823,1305,250855,-249550,1.305,250.855,-249.55
2017,Tioga,New York,695,113000,2981,822,15422,822,2000,251678,-249678,2.0,251.678,-249.678
2018,Tioga,New York,736,117100,3069,847,15427,847,2736,252500,-249764,2.736,252.5,-249.764
2019,Tioga,New York,751,119700,3117,872,15409,872,3487,253347,-249860,3.487,253.347,-249.86
2020,Tioga,New York,782,119800,3234,867,16071,867,4269,254219,-249950,4.269,254.219,-249.95
2021,Tioga,New York,829,122900,3358,888,15843,888,5098,255086,-249988,5.098,255.086,-249.988
2022,Tioga,New York,894,144200,3590,964,15821,964,5992,255974,-249982,5.992,255.974,-249.982
2023,Tioga,New York,914,153200,3750,1017,15811,1017,6906,256938,-250032,6.906,256.938,-250.032
2015,Tompkins,New York,988,176500,4363,1141,21356,1141,988,250000,-249012,0.988,250.0,-249.012
2016,Tompkins,New York,1011,182600,4538,1157,21175,1157,1999,251141,-249142,1.999,251.141,-249.142
2017,Tompkins,New York,1055,190100,4663,1145,21630,1145,3054,252298,-249244,3.054,252.298,-249.244
2018,Tompkins,New York,1107,199400,4994,1205,21749,1205,4161,253443,-249282,4.161,253.443,-249.282
2019,Tompkins,New York,1164,204600,5217,1240,21755,1240,5325,254648,-249323,5.325,254.648,-249.323
2020,Tompkins,New York,1144,218700,5466,1260,22025,1260,6469,255888,-249419,6.469,255.888,-249.419
2021,Tompkins,New York,1218,228900,5761,1299,23248,1299,7687,257148,-249461,7.687,257.148,-249.461
2022,Tompkins,New York,1320,264300,6229,1379,23328,1379,9007,258447,-249440,9.007,258.447,-249.44
2023,Tompkins,New York,1374,271500,6374,1390,23291,1390,10381,259826,-249445,10.381,259.826,-249.445
2015,Ulster,New York,1013,222800,5147,1382,47908,1382,1013,250000,-248987,1.013,250.0,-248.987
2016,Ulster,New York,1022,219800,5203,1388,48343,1388,2035,251382,-249347,2.035,251.382,-249.347
2017,Ulster,New York,1053,221600,5296,1379,48343,1379,3088,252770,-249682,3.088,252.77,-249.682
2018,Ulster,New York,1086,225500,5409,1379,47815,1379,4174,254149,-249975,4.174,254.149,-249.975
2019,Ulster,New York,1112,230500,5456,1356,47321,1356,5286,255528,-250242,5.286,255.528,-250.242
2020,Ulster,New York,1119,239400,5534,1361,48108,1361,6405,256884,-250479,6.405,256.884,-250.479
2021,Ulster,New York,1175,252300,5787,1409,49479,1409,7580,258245,-250665,7.58,258.245,-250.665
2022,Ulster,New York,1269,288400,6114,1526,49975,1526,8849,259654,-250805,8.849,259.654,-250.805
2023,Ulster,New York,1335,315100,6124,1571,51163,1571,10184,261180,-250996,10.184,261.18,-250.996
2015,Warren,New York,862,189700,2966,1029,18890,1029,862,250000,-249138,0.862,250.0,-249.138
2016,Warren,New York,879,191500,3113,1045,19037,1045,1741,251029,-249288,1.741,251.029,-249.288
2017,Warren,New York,881,192800,3141,1060,19605,1060,2622,252074,-249452,2.622,252.074,-249.452
2018,Warren,New York,884,193800,3197,1081,19547,1081,3506,253134,-249628,3.506,253.134,-249.628
2019,Warren,New York,929,196500,3326,1082,19820,1082,4435,254215,-249780,4.435,254.215,-249.78
2020,Warren,New York,932,208600,3461,1114,20516,1114,5367,255297,-249930,5.367,255.297,-249.93
2021,Warren,New York,969,214300,3587,1132,20673,1132,6336,256411,-250075,6.336,256.411,-250.075
2022,Warren,New York,1062,240600,3731,1231,21036,1231,7398,257543,-250145,7.398,257.543,-250.145
2023,Warren,New York,1089,247600,3789,1283,21470,1283,8487,258774,-250287,8.487,258.774,-250.287
2015,Washington,New York,803,142700,3147,994,17531,994,803,250000,-249197,0.803,250.0,-249.197
2016,Washington,New York,819,143900,3201,991,17368,991,1622,250994,-249372,1.622,250.994,-249.372
2017,Washington,New York,823,144900,3257,987,17431,987,2445,251985,-249540,2.445,251.985,-249.54
2018,Washington,New York,848,145900,3282,983,17507,983,3293,252972,-249679,3.293,252.972,-249.679
2019,Washington,New York,855,149000,3356,955,17782,955,4148,253955,-249807,4.148,253.955,-249.807
2020,Washington,New York,861,151500,3435,941,17494,941,5009,254910,-249901,5.009,254.91,-249.901
2021,Washington,New York,893,158100,3632,1014,17709,1014,5902,255851,-249949,5.902,255.851,-249.949
2022,Washington,New York,964,176900,3832,1096,17916,1096,6866,256865,-249999,6.866,256.865,-249.999
2023,Washington,New York,1000,185000,3852,1114,18568,1114,7866,257961,-250095,7.866,257.961,-250.095
2015,Wayne,New York,694,112900,3418,938,28288,938,694,250000,-249306,0.694,250.0,-249.306
2016,Wayne,New York,716,115100,3440,946,28037,946,1410,250938,-249528,1.41,250.938,-249.528
2017,Wayne,New York,742,118900,3498,946,28109,946,2152,251884,-249732,2.152,251.884,-249.732
2018,Wayne,New York,757,121700,3564,983,27723,983,2909,252830,-249921,2.909,252.83,-249.921
2019,Wayne,New York,779,123800,3612,974,28071,974,3688,253813,-250125,3.688,253.813,-250.125
2020,Wayne,New York,772,130000,3578,983,29114,983,4460,254787,-250327,4.46,254.787,-250.327
2021,Wayne,New York,810,134800,3735,1008,29500,1008,5270,255770,-250500,5.27,255.77,-250.5
2022,Wayne,New York,877,151900,3999,1096,30116,1096,6147,256778,-250631,6.147,256.778,-250.631
2023,Wayne,New York,929,163400,4168,1125,30531,1125,7076,257874,-250798,7.076,257.874,-250.798
2015,Westchester,New York,1364,506900,10001,2527,210195,2527,1364,0,1364,1.364,0.0,1.364
2016,Westchester,New York,1394,507300,10001,2521,210004,2521,2758,0,2758,2.758,0.0,2.758
2017,Westchester,New York,1444,513300,10001,2539,212731,2539,4202,0,4202,4.202,0.0,4.202
2018,Westchester,New York,1493,528300,10001,2573,212889,2573,5695,0,5695,5.695,0.0,5.695
2019,Westchester,New York,1537,540600,10001,2605,214474,2605,7232,0,7232,7.232,0.0,7.232
2020,Westchester,New York,1599,544100,10001,2557,216939,2557,8831,0,8831,8.831,0.0,8.831
2021,Westchester,New York,1682,559900,10001,2651,224531,2651,10513,0,10513,10.513,0.0,10.513
2022,Westchester,New York,1796,619000,10001,2823,229004,2823,12309,0,12309,12.309,0.0,12.309
2023,Westchester,New York,1876,638400,10001,2882,230294,2882,14185,0,14185,14.185,0.0,14.185
2015,Wyoming,New York,589,102000,2781,827,11865,827,589,250000,-249411,0.589,250.0,-249.411
2016,Wyoming,New York,614,104200,2902,819,11936,819,1203,250827,-249624,1.203,250.827,-249.624
2017,Wyoming,New York,634,108500,3038,839,11897,839,1837,251646,-249809,1.837,251.646,-249.809
2018,Wyoming,New York,640,112200,3165,855,12071,855,2477,252485,-250008,2.477,252.485,-250.008
2019,Wyoming,New York,659,115900,3233,851,12241,851,3136,253340,-250204,3.136,253.34,-250.204
2020,Wyoming,New York,681,118800,3114,813,12296,813,3817,254191,-250374,3.817,254.191,-250.374
2021,Wyoming,New York,713,125300,3301,849,12281,849,4530,255004,-250474,4.53,255.004,-250.474
2022,Wyoming,New York,787,143000,3464,893,12457,893,5317,255853,-250536,5.317,255.853,-250.536
2023,Wyoming,New York,782,154700,3557,900,12518,900,6099,256746,-250647,6.099,256.746,-250.647
2015,Yates,New York,688,124200,2674,824,7454,824,688,250000,-249312,0.688,250.0,-249.312
2016,Yates,New York,701,126900,2696,808,7346,808,1389,250824,-249435,1.389,250.824,-249.435
2017,Yates,New York,732,128900,2802,837,7196,837,2121,251632,-249511,2.121,251.632,-249.511
2018,Yates,New York,753,128800,2785,823,7152,823,2874,252469,-249595,2.874,252.469,-249.595
2019,Yates,New York,775,136300,2812,827,7137,827,3649,253292,-249643,3.649,253.292,-249.643
2020,Yates,New York,712,142300,2904,834,6805,834,4361,254119,-249758,4.361,254.119,-249.758
2021,Yates,New York,723,146600,3012,857,6546,857,5084,254953,-249869,5.084,254.953,-249.869
2022,Yates,New York,773,159800,3115,933,6862,933,5857,255810,-249953,5.857,255.81,-249.953
2023,Yates,New York,802,178000,3417,997,7024,997,6659,256743,-250084,6.659,256.743,-250.084
