Year,County,State,Median_Gross_Rent,Median_Home_Value,Median_Property_Tax,Owner_Cost_With_Mortgage,Owner_Cost_Without_Mortgage,Owner_Cost_Annual,Cumulative_Rent,Cumulative_Owner,Net_Difference,Cumulative_Rent_k,Cumulative_Owner_k,Net_Difference_k
2015,Albany,New York,919,208400,4200,1276,72000,1276,919,1276,-357,0.919,1.276,-0.357
2016,Albany,New York,931,211100,4321,1270,71279,1270,1850,2546,-696,1.85,2.546,-0.696
2017,Albany,New York,969,214400,4465,1291,71274,1291,2819,3837,-1018,2.819,3.837,-1.018
2018,Albany,New York,993,218100,4577,1321,71253,1321,3812,5158,-1346,3.812,5.158,-1.346
2019,Albany,New York,1022,222500,4666,1322,71341,1322,4834,6480,-1646,4.834,6.48,-1.646
2020,Albany,New York,1057,230300,4726,1314,71829,1314,5891,7794,-1903,5.891,7.794,-1.903
2021,Albany,New York,1113,235200,4835,1361,74905,1361,7004,9155,-2151,7.004,9.155,-2.151
2022,Albany,New York,1196,263800,5114,1436,74707,1436,8200,10591,-2391,8.2,10.591,-2.391
2023,Albany,New York,1252,277400,5253,1483,75285,1483,9452,12074,-2622,9.452,12.074,-2.622
2015,Allegany,New York,606,70300,2320,680,13373,680,606,680,-74,0.606,0.68,-0.074
2016,Allegany,New York,618,72100,2367,661,13334,661,1224,1341,-117,1.224,1.341,-0.117
2017,Allegany,New York,633,73300,2421,659,13463,659,1857,2000,-143,1.857,2.0,-0.143
2018,Allegany,New York,645,73900,2420,665,13533,665,2502,2665,-163,2.502,2.665,-0.163
2019,Allegany,New York,658,76400,2479,663,13678,663,3160,3328,-168,3.16,3.328,-0.168
2020,Allegany,New York,659,78400,2574,678,14266,678,3819,4006,-187,3.819,4.006,-0.187
2021,Allegany,New York,686,80900,2607,688,13502,688,4505,4694,-189,4.505,4.694,-0.189
2022,Allegany,New York,735,93200,2814,744,13584,744,5240,5438,-198,5.24,5.438,-0.198
2023,Allegany,New York,754,97900,2881,762,13698,762,5994,6200,-206,5.994,6.2,-0.206
2015,Bronx,New York,1074,363400,3337,1499,91993,1499,1074,1499,-425,1.074,1.499,-0.425
2016,Bronx,New York,1098,363600,3464,1480,93569,1480,2172,2979,-807,2.172,2.979,-0.807
2017,Bronx,New York,1133,371800,3594,1472,97658,1472,3305,4451,-1146,3.305,4.451,-1.146
2018,Bronx,New York,1176,382900,3762,1523,97983,1523,4481,5974,-1493,4.481,5.974,-1.493
2019,Bronx,New York,1212,404700,3932,1537,99212,1537,5693,7511,-1818,5.693,7.511,-1.818
2020,Bronx,New York,1247,427900,4208,1557,102325,1557,6940,9068,-2128,6.94,9.068,-2.128
2021,Bronx,New York,1306,445900,4567,1641,103443,1641,8246,10709,-2463,8.246,10.709,-2.463
2022,Bronx,New York,1401,501400,4984,1716,104887,1716,9647,12425,-2778,9.647,12.425,-2.778
2023,Bronx,New York,1436,517000,5310,1777,107439,1777,11083,14202,-3119,11.083,14.202,-3.119
2015,Broome,New York,703,109900,2928,846,51992,846,703,846,-143,0.703,0.846,-0.143
2016,Broome,New York,717,112300,3053,843,51475,843,1420,1689,-269,1.42,1.689,-0.269
2017,Broome,New York,734,113100,3133,855,51769,855,2154,2544,-390,2.154,2.544,-0.39
2018,Broome,New York,766,115600,3200,877,51327,877,2920,3421,-501,2.92,3.421,-0.501
2019,Broome,New York,776,117000,3279,869,51189,869,3696,4290,-594,3.696,4.29,-0.594
2020,Broome,New York,782,120200,3397,853,51780,853,4478,5143,-665,4.478,5.143,-0.665
2021,Broome,New York,806,122200,3480,885,52654,885,5284,6028,-744,5.284,6.028,-0.744
2022,Broome,New York,882,139200,3698,959,52748,959,6166,6987,-821,6.166,6.987,-0.821
2023,Broome,New York,914,145100,3824,983,52810,983,7080,7970,-890,7.08,7.97,-0.89
2015,Cattaraugus,New York,617,84600,2564,725,22560,725,617,725,-108,0.617,0.725,-0.108
2016,Cattaraugus,New York,616,85100,2608,720,22606,720,1233,1445,-212,1.233,1.445,-0.212
2017,Cattaraugus,New York,626,86500,2689,730,22617,730,1859,2175,-316,1.859,2.175,-0.316
2018,Cattaraugus,New York,639,86200,2706,729,22458,729,2498,2904,-406,2.498,2.904,-0.406
2019,Cattaraugus,New York,655,88100,2722,726,22778,726,3153,3630,-477,3.153,3.63,-0.477
2020,Cattaraugus,New York,654,90200,2789,732,23090,732,3807,4362,-555,3.807,4.362,-0.555
2021,Cattaraugus,New York,682,92500,2813,728,22737,728,4489,5090,-601,4.489,5.09,-0.601
2022,Cattaraugus,New York,745,105100,2902,768,23220,768,5234,5858,-624,5.234,5.858,-0.624
2023,Cattaraugus,New York,759,109400,2946,767,23732,767,5993,6625,-632,5.993,6.625,-0.632
2015,Cayuga,New York,673,113600,2944,900,22028,900,673,900,-227,0.673,0.9,-0.227
2016,Cayuga,New York,695,117800,3007,887,21993,887,1368,1787,-419,1.368,1.787,-0.419
2017,Cayuga,New York,715,120000,2997,903,22255,903,2083,2690,-607,2.083,2.69,-0.607
2018,Cayuga,New York,747,123000,3052,929,22189,929,2830,3619,-789,2.83,3.619,-0.789
2019,Cayuga,New York,763,128000,3163,927,22251,927,3593,4546,-953,3.593,4.546,-0.953
2020,Cayuga,New York,769,131700,3193,910,21886,910,4362,5456,-1094,4.362,5.456,-1.094
2021,Cayuga,New York,799,138200,3345,964,21571,964,5161,6420,-1259,5.161,6.42,-1.259
2022,Cayuga,New York,868,158900,3727,1026,21643,1026,6029,7446,-1417,6.029,7.446,-1.417
2023,Cayuga,New York,895,164200,3747,1051,22533,1051,6924,8497,-1573,6.924,8.497,-1.573
2015,Chautauqua,New York,612,84500,2371,713,37284,713,612,713,-101,0.612,0.713,-0.101
2016,Chautauqua,New York,619,85500,2422,699,36888,699,1231,1412,-181,1.231,1.412,-0.181
2017,Chautauqua,New York,631,85800,2460,702,37098,702,1862,2114,-252,1.862,2.114,-0.252
2018,Chautauqua,New York,649,86300,2479,708,36802,708,2511,2822,-311,2.511,2.822,-0.311
2019,Chautauqua,New York,659,88000,2520,699,36755,699,3170,3521,-351,3.17,3.521,-0.351
2020,Chautauqua,New York,675,92900,2605,709,36795,709,3845,4230,-385,3.845,4.23,-0.385
2021,Chautauqua,New York,694,96000,2632,723,36515,723,4539,4953,-414,4.539,4.953,-0.414
2022,Chautauqua,New York,759,110900,2784,776,36891,776,5298,5729,-431,5.298,5.729,-0.431
2023,Chautauqua,New York,797,119300,2846,785,37020,785,6095,6514,-419,6.095,6.514,-0.419
2015,Chemung,New York,713,100400,2580,812,24286,812,713,812,-99,0.713,0.812,-0.099
2016,Chemung,New York,723,101800,2609,816,23815,816,1436,1628,-192,1.436,1.628,-0.192
2017,Chemung,New York,764,105500,2733,835,23609,835,2200,2463,-263,2.2,2.463,-0.263
2018,Chemung,New York,805,106500,2798,847,23349,847,3005,3310,-305,3.005,3.31,-0.305
2019,Chemung,New York,813,105800,2831,839,23217,839,3818,4149,-331,3.818,4.149,-0.331
2020,Chemung,New York,862,108900,2872,829,23069,829,4680,4978,-298,4.68,4.978,-0.298
2021,Chemung,New York,918,114600,3092,851,23353,851,5598,5829,-231,5.598,5.829,-0.231
2022,Chemung,New York,991,128200,3267,916,23801,916,6589,6745,-156,6.589,6.745,-0.156
2023,Chemung,New York,1020,132100,3332,952,24384,952,7609,7697,-88,7.609,7.697,-0.088
2015,Chenango,New York,637,91700,2300,736,14785,736,637,736,-99,0.637,0.736,-0.099
2016,Chenango,New York,632,93400,2390,735,14968,735,1269,1471,-202,1.269,1.471,-0.202
2017,Chenango,New York,645,95900,2451,730,15265,730,1914,2201,-287,1.914,2.201,-0.287
2018,Chenango,New York,667,97000,2537,745,15370,745,2581,2946,-365,2.581,2.946,-0.365
2019,Chenango,New York,678,98400,2545,745,15414,745,3259,3691,-432,3.259,3.691,-0.432
2020,Chenango,New York,692,102300,2722,766,15574,766,3951,4457,-506,3.951,4.457,-0.506
2021,Chenango,New York,714,107900,2830,810,15063,810,4665,5267,-602,4.665,5.267,-0.602
2022,Chenango,New York,798,121100,2966,883,15170,883,5463,6150,-687,5.463,6.15,-0.687
2023,Chenango,New York,819,128100,3061,905,15112,905,6282,7055,-773,6.282,7.055,-0.773
2015,Clinton,New York,744,124200,2540,836,21713,836,744,836,-92,0.744,0.836,-0.092
2016,Clinton,New York,748,127500,2554,812,21598,812,1492,1648,-156,1.492,1.648,-0.156
2017,Clinton,New York,762,129000,2652,821,21542,821,2254,2469,-215,2.254,2.469,-0.215
2018,Clinton,New York,796,132000,2697,841,21264,841,3050,3310,-260,3.05,3.31,-0.26
2019,Clinton,New York,810,134100,2719,844,20810,844,3860,4154,-294,3.86,4.154,-0.294
2020,Clinton,New York,835,139600,2864,858,21421,858,4695,5012,-317,4.695,5.012,-0.317
2021,Clinton,New York,872,143800,2997,933,22113,933,5567,5945,-378,5.567,5.945,-0.378
2022,Clinton,New York,944,165200,3351,1016,22542,1016,6511,6961,-450,6.511,6.961,-0.45
2023,Clinton,New York,956,175100,3461,1009,22911,1009,7467,7970,-503,7.467,7.97,-0.503
2015,Columbia,New York,884,222100,4216,1204,18141,1204,884,1204,-320,0.884,1.204,-0.32
2016,Columbia,New York,877,222300,4224,1166,18331,1166,1761,2370,-609,1.761,2.37,-0.609
2017,Columbia,New York,886,224600,4334,1164,18429,1164,2647,3534,-887,2.647,3.534,-0.887
2018,Columbia,New York,931,231100,4469,1170,18201,1170,3578,4704,-1126,3.578,4.704,-1.126
2019,Columbia,New York,928,233600,4392,1175,18403,1175,4506,5879,-1373,4.506,5.879,-1.373
2020,Columbia,New York,944,236500,4339,1153,18530,1153,5450,7032,-1582,5.45,7.032,-1.582
2021,Columbia,New York,992,250600,4502,1213,18332,1213,6442,8245,-1803,6.442,8.245,-1.803
2022,Columbia,New York,1114,283700,4854,1322,18868,1322,7556,9567,-2011,7.556,9.567,-2.011
2023,Columbia,New York,1199,309800,4795,1354,19668,1354,8755,10921,-2166,8.755,10.921,-2.166
2015,Cortland,New York,684,108200,3418,911,11788,911,684,911,-227,0.684,0.911,-0.227
2016,Cortland,New York,700,111400,3487,917,11511,917,1384,1828,-444,1.384,1.828,-0.444
2017,Cortland,New York,742,113900,3610,928,11598,928,2126,2756,-630,2.126,2.756,-0.63
2018,Cortland,New York,764,118100,3716,940,11710,940,2890,3696,-806,2.89,3.696,-0.806
2019,Cortland,New York,778,123800,3848,951,11648,951,3668,4647,-979,3.668,4.647,-0.979
2020,Cortland,New York,787,126700,3843,934,11906,934,4455,5581,-1126,4.455,5.581,-1.126
2021,Cortland,New York,811,130000,3843,951,12296,951,5266,6532,-1266,5.266,6.532,-1.266
2022,Cortland,New York,884,148200,4035,1016,12213,1016,6150,7548,-1398,6.15,7.548,-1.398
2023,Cortland,New York,911,158100,4184,1084,12460,1084,7061,8632,-1571,7.061,8.632,-1.571
2015,Delaware,New York,668,132400,2554,758,14000,758,668,758,-90,0.668,0.758,-0.09
2016,Delaware,New York,682,135200,2636,749,13787,749,1350,1507,-157,1.35,1.507,-0.157
2017,Delaware,New York,696,138000,2748,754,14008,754,2046,2261,-215,2.046,2.261,-0.215
2018,Delaware,New York,696,136300,2743,788,14132,788,2742,3049,-307,2.742,3.049,-0.307
2019,Delaware,New York,691,139300,2746,777,14010,777,3433,3826,-393,3.433,3.826,-0.393
2020,Delaware,New York,700,144000,2781,767,14296,767,4133,4593,-460,4.133,4.593,-0.46
2021,Delaware,New York,723,147600,2812,808,14054,808,4856,5401,-545,4.856,5.401,-0.545
2022,Delaware,New York,785,160400,2938,889,14490,889,5641,6290,-649,5.641,6.29,-0.649
2023,Delaware,New York,848,176200,3059,944,14530,944,6489,7234,-745,6.489,7.234,-0.745
2015,Dutchess,New York,1130,275600,5826,1791,73727,1791,1130,1791,-661,1.13,1.791,-0.661
2016,Dutchess,New York,1141,274300,5935,1770,73505,1770,2271,3561,-1290,2.271,3.561,-1.29
2017,Dutchess,New York,1174,275200,6047,1772,74264,1772,3445,5333,-1888,3.445,5.333,-1.888
2018,Dutchess,New York,1194,278100,6192,1776,73809,1776,4639,7109,-2470,4.639,7.109,-2.47
2019,Dutchess,New York,1220,282000,6390,1748,74540,1748,5859,8857,-2998,5.859,8.857,-2.998
2020,Dutchess,New York,1237,290700,6458,1700,75080,1700,7096,10557,-3461,7.096,10.557,-3.461
2021,Dutchess,New York,1314,304600,6674,1770,76956,1770,8410,12327,-3917,8.41,12.327,-3.917
2022,Dutchess,New York,1425,348700,7135,1890,78430,1890,9835,14217,-4382,9.835,14.217,-4.382
2023,Dutchess,New York,1522,368100,7226,1924,79284,1924,11357,16141,-4784,11.357,16.141,-4.784
2015,Erie,New York,739,130000,3499,938,248889,938,739,938,-199,0.739,0.938,-0.199
2016,Erie,New York,752,134600,3582,941,249815,941,1491,1879,-388,1.491,1.879,-0.388
2017,Erie,New York,778,139900,3686,951,251212,951,2269,2830,-561,2.269,2.83,-0.561
2018,Erie,New York,804,146500,3781,968,251238,968,3073,3798,-725,3.073,3.798,-0.725
2019,Erie,New York,829,153400,3891,985,251583,985,3902,4783,-881,3.902,4.783,-0.881
2020,Erie,New York,852,160700,3972,979,254697,979,4754,5762,-1008,4.754,5.762,-1.008
2021,Erie,New York,893,169100,4107,1014,262725,1014,5647,6776,-1129,5.647,6.776,-1.129
2022,Erie,New York,984,197400,4392,1086,264980,1086,6631,7862,-1231,6.631,7.862,-1.231
2023,Erie,New York,1037,217400,4525,1125,267519,1125,7668,8987,-1319,7.668,8.987,-1.319
2015,Essex,New York,805,145100,2424,826,11275,826,805,826,-21,0.805,0.826,-0.021
2016,Essex,New York,792,144100,2482,814,11316,814,1597,1640,-43,1.597,1.64,-0.043
2017,Essex,New York,798,146900,2581,866,11600,866,2395,2506,-111,2.395,2.506,-0.111
2018,Essex,New York,802,151900,2645,879,11663,879,3197,3385,-188,3.197,3.385,-0.188
2019,Essex,New York,812,153600,2766,876,11903,876,4009,4261,-252,4.009,4.261,-0.252
2020,Essex,New York,810,160400,2812,879,12363,879,4819,5140,-321,4.819,5.14,-0.321
2021,Essex,New York,845,162700,3103,956,12038,956,5664,6096,-432,5.664,6.096,-0.432
2022,Essex,New York,875,189500,3285,1013,12129,1013,6539,7109,-570,6.539,7.109,-0.57
2023,Essex,New York,890,200000,3111,1024,12520,1024,7429,8133,-704,7.429,8.133,-0.704
2015,Franklin,New York,671,101600,2019,743,13927,743,671,743,-72,0.671,0.743,-0.072
2016,Franklin,New York,666,100900,1983,735,13956,735,1337,1478,-141,1.337,1.478,-0.141
2017,Franklin,New York,670,102200,2136,738,13820,738,2007,2216,-209,2.007,2.216,-0.209
2018,Franklin,New York,702,105500,2257,765,13829,765,2709,2981,-272,2.709,2.981,-0.272
2019,Franklin,New York,703,108700,2281,741,13577,741,3412,3722,-310,3.412,3.722,-0.31
2020,Franklin,New York,706,110600,2262,739,13607,739,4118,4461,-343,4.118,4.461,-0.343
2021,Franklin,New York,751,118800,2282,766,13203,766,4869,5227,-358,4.869,5.227,-0.358
2022,Franklin,New York,788,131600,2370,823,13423,823,5657,6050,-393,5.657,6.05,-0.393
2023,Franklin,New York,819,128600,2418,838,13692,838,6476,6888,-412,6.476,6.888,-0.412
2015,Fulton,New York,711,108200,2648,811,15684,811,711,811,-100,0.711,0.811,-0.1
2016,Fulton,New York,722,108300,2719,794,15808,794,1433,1605,-172,1.433,1.605,-0.172
2017,Fulton,New York,734,107600,2727,791,16085,791,2167,2396,-229,2.167,2.396,-0.229
2018,Fulton,New York,759,108700,2748,792,16036,792,2926,3188,-262,2.926,3.188,-0.262
2019,Fulton,New York,779,109600,2827,778,15942,778,3705,3966,-261,3.705,3.966,-0.261
2020,Fulton,New York,777,120100,2894,794,15612,794,4482,4760,-278,4.482,4.76,-0.278
2021,Fulton,New York,792,124500,3082,842,14965,842,5274,5602,-328,5.274,5.602,-0.328
2022,Fulton,New York,855,142000,3217,923,15265,923,6129,6525,-396,6.129,6.525,-0.396
2023,Fulton,New York,883,156100,3325,963,15645,963,7012,7488,-476,7.012,7.488,-0.476
2015,Genesee,New York,724,107000,3047,894,17467,894,724,894,-170,0.724,0.894,-0.17
2016,Genesee,New York,716,108700,3114,891,17456,891,1440,1785,-345,1.44,1.785,-0.345
2017,Genesee,New York,748,111900,3195,894,17369,894,2188,2679,-491,2.188,2.679,-0.491
2018,Genesee,New York,746,117600,3310,924,17201,924,2934,3603,-669,2.934,3.603,-0.669
2019,Genesee,New York,747,119800,3354,926,17168,926,3681,4529,-848,3.681,4.529,-0.848
2020,Genesee,New York,786,125200,3456,916,17501,916,4467,5445,-978,4.467,5.445,-0.978
2021,Genesee,New York,808,130100,3574,934,17756,934,5275,6379,-1104,5.275,6.379,-1.104
2022,Genesee,New York,866,148600,3798,1022,17919,1022,6141,7401,-1260,6.141,7.401,-1.26
2023,Genesee,New York,909,157800,3958,1078,18381,1078,7050,8479,-1429,7.05,8.479,-1.429
2015,Greene,New York,837,177700,2989,1022,13261,1022,837,1022,-185,0.837,1.022,-0.185
2016,Greene,New York,856,175900,2996,983,12895,983,1693,2005,-312,1.693,2.005,-0.312
2017,Greene,New York,876,176100,2992,989,12960,989,2569,2994,-425,2.569,2.994,-0.425
2018,Greene,New York,906,174700,3151,1001,12681,1001,3475,3995,-520,3.475,3.995,-0.52
2019,Greene,New York,908,176300,3277,1036,12796,1036,4383,5031,-648,4.383,5.031,-0.648
2020,Greene,New York,925,185600,3511,977,13550,977,5308,6008,-700,5.308,6.008,-0.7
2021,Greene,New York,963,190000,3668,1036,13438,1036,6271,7044,-773,6.271,7.044,-0.773
2022,Greene,New York,1013,229500,4048,1154,13589,1154,7284,8198,-914,7.284,8.198,-0.914
2023,Greene,New York,993,248300,4116,1261,14107,1261,8277,9459,-1182,8.277,9.459,-1.182
2015,Hamilton,New York,622,162600,2036,663,1177,663,622,663,-41,0.622,0.663,-0.041
2016,Hamilton,New York,733,165500,1866,699,1055,699,1355,1362,-7,1.355,1.362,-0.007
2017,Hamilton,New York,713,164000,1825,743,927,743,2068,2105,-37,2.068,2.105,-0.037
2018,Hamilton,New York,761,164900,1839,755,963,755,2829,2860,-31,2.829,2.86,-0.031
2019,Hamilton,New York,783,166000,1690,643,1003,643,3612,3503,109,3.612,3.503,0.109
2020,Hamilton,New York,841,170500,1834,767,1208,767,4453,4270,183,4.453,4.27,0.183
2021,Hamilton,New York,873,170600,1821,743,1261,743,5326,5013,313,5.326,5.013,0.313
2022,Hamilton,New York,902,204900,2197,823,1465,823,6228,5836,392,6.228,5.836,0.392
2023,Hamilton,New York,860,242000,2369,805,1741,805,7088,6641,447,7.088,6.641,0.447
2015,Herkimer,New York,623,96100,2423,750,18556,750,623,750,-127,0.623,0.75,-0.127
2016,Herkimer,New York,636,97300,2437,741,18066,741,1259,1491,-232,1.259,1.491,-0.232
2017,Herkimer,New York,657,95800,2444,728,18053,728,1916,2219,-303,1.916,2.219,-0.303
2018,Herkimer,New York,680,97200,2500,733,17821,733,2596,2952,-356,2.596,2.952,-0.356
2019,Herkimer,New York,675,100000,2607,728,18052,728,3271,3680,-409,3.271,3.68,-0.409
2020,Herkimer,New York,680,106600,2709,744,18647,744,3951,4424,-473,3.951,4.424,-0.473
2021,Herkimer,New York,709,110500,2747,764,18270,764,4660,5188,-528,4.66,5.188,-0.528
2022,Herkimer,New York,776,130900,3023,848,18744,848,5436,6036,-600,5.436,6.036,-0.6
2023,Herkimer,New York,811,135000,3067,875,19296,875,6247,6911,-664,6.247,6.911,-0.664
2015,Jefferson,New York,947,141000,2331,886,24610,886,947,886,61,0.947,0.886,0.061
2016,Jefferson,New York,943,144400,2367,870,24333,870,1890,1756,134,1.89,1.756,0.134
2017,Jefferson,New York,966,149300,2448,888,24012,888,2856,2644,212,2.856,2.644,0.212
2018,Jefferson,New York,979,149500,2486,887,24108,887,3835,3531,304,3.835,3.531,0.304
2019,Jefferson,New York,987,149900,2514,893,24135,893,4822,4424,398,4.822,4.424,0.398
2020,Jefferson,New York,1018,150100,2575,880,23980,880,5840,5304,536,5.84,5.304,0.536
2021,Jefferson,New York,1072,154000,2642,950,25121,950,6912,6254,658,6.912,6.254,0.658
2022,Jefferson,New York,1143,169600,2778,1039,25123,1039,8055,7293,762,8.055,7.293,0.762
2023,Jefferson,New York,1214,181000,2851,1076,25278,1076,9269,8369,900,9.269,8.369,0.9
2015,Kings,New York,1215,570200,3656,1834,272717,1834,1215,1834,-619,1.215,1.834,-0.619
2016,Kings,New York,1262,590500,3834,1822,276447,1822,2477,3656,-1179,2.477,3.656,-1.179
2017,Kings,New York,1314,623900,4074,1844,283752,1844,3791,5500,-1709,3.791,5.5,-1.709
2018,Kings,New York,1374,665300,4358,1893,285330,1893,5165,7393,-2228,5.165,7.393,-2.228
2019,Kings,New York,1426,706000,4636,1944,288632,1944,6591,9337,-2746,6.591,9.337,-2.746
2020,Kings,New York,1483,734800,4980,1949,295080,1949,8074,11286,-3212,8.074,11.286,-3.212
2021,Kings,New York,1582,767500,5377,2040,302305,2040,9656,13326,-3670,9.656,13.326,-3.67
2022,Kings,New York,1715,865300,5881,2201,302505,2201,11371,15527,-4156,11.371,15.527,-4.156
2023,Kings,New York,1784,889700,6120,2248,300026,2248,13155,17775,-4620,13.155,17.775,-4.62
2015,Lewis,New York,699,117300,2009,738,8066,738,699,738,-39,0.699,0.738,-0.039
2016,Lewis,New York,708,122000,2124,748,7849,748,1407,1486,-79,1.407,1.486,-0.079
2017,Lewis,New York,742,121700,2232,750,7987,750,2149,2236,-87,2.149,2.236,-0.087
2018,Lewis,New York,733,120000,2260,779,8111,779,2882,3015,-133,2.882,3.015,-0.133
2019,Lewis,New York,768,120200,2304,753,8282,753,3650,3768,-118,3.65,3.768,-0.118
2020,Lewis,New York,700,122800,2313,769,8407,769,4350,4537,-187,4.35,4.537,-0.187
2021,Lewis,New York,725,128600,2431,789,8603,789,5075,5326,-251,5.075,5.326,-0.251
2022,Lewis,New York,768,146100,2602,861,8620,861,5843,6187,-344,5.843,6.187,-0.344
2023,Lewis,New York,821,158000,2682,889,8812,889,6664,7076,-412,6.664,7.076,-0.412
2015,Livingston,New York,721,121200,3449,960,17624,960,721,960,-239,0.721,0.96,-0.239
2016,Livingston,New York,722,123000,3473,941,17745,941,1443,1901,-458,1.443,1.901,-0.458
2017,Livingston,New York,755,125000,3513,948,17888,948,2198,2849,-651,2.198,2.849,-0.651
2018,Livingston,New York,781,126700,3581,976,17903,976,2979,3825,-846,2.979,3.825,-0.846
2019,Livingston,New York,798,129400,3636,989,18054,989,3777,4814,-1037,3.777,4.814,-1.037
2020,Livingston,New York,793,134000,3654,963,18683,963,4570,5777,-1207,4.57,5.777,-1.207
2021,Livingston,New York,843,142000,3812,1019,18320,1019,5413,6796,-1383,5.413,6.796,-1.383
2022,Livingston,New York,919,159900,4050,1059,18546,1059,6332,7855,-1523,6.332,7.855,-1.523
2023,Livingston,New York,912,169600,4182,1078,18759,1078,7244,8933,-1689,7.244,8.933,-1.689
2015,Madison,New York,718,124900,3123,975,19755,975,718,975,-257,0.718,0.975,-0.257
2016,Madison,New York,728,128000,3148,966,19703,966,1446,1941,-495,1.446,1.941,-0.495
2017,Madison,New York,755,132800,3312,987,19985,987,2201,2928,-727,2.201,2.928,-0.727
2018,Madison,New York,771,131800,3335,984,19965,984,2972,3912,-940,2.972,3.912,-0.94
2019,Madison,New York,783,136800,3422,987,20016,987,3755,4899,-1144,3.755,4.899,-1.144
2020,Madison,New York,768,140000,3514,996,20365,996,4523,5895,-1372,4.523,5.895,-1.372
2021,Madison,New York,789,151100,3656,1049,19294,1049,5312,6944,-1632,5.312,6.944,-1.632
2022,Madison,New York,867,162800,3886,1102,19606,1102,6179,8046,-1867,6.179,8.046,-1.867
2023,Madison,New York,891,176800,4058,1124,20047,1124,7070,9170,-2100,7.07,9.17,-2.1
2015,Monroe,New York,826,138600,4307,1103,192326,1103,826,1103,-277,0.826,1.103,-0.277
2016,Monroe,New York,843,140200,4396,1098,191707,1098,1669,2201,-532,1.669,2.201,-0.532
2017,Monroe,New York,872,142300,4533,1105,191781,1105,2541,3306,-765,2.541,3.306,-0.765
2018,Monroe,New York,902,144700,4653,1122,191759,1122,3443,4428,-985,3.443,4.428,-0.985
2019,Monroe,New York,927,148400,4781,1133,191783,1133,4370,5561,-1191,4.37,5.561,-1.191
2020,Monroe,New York,947,152000,4798,1123,193319,1123,5317,6684,-1367,5.317,6.684,-1.367
2021,Monroe,New York,991,160000,4923,1161,198738,1161,6308,7845,-1537,6.308,7.845,-1.537
2022,Monroe,New York,1085,182700,5306,1233,200332,1233,7393,9078,-1685,7.393,9.078,-1.685
2023,Monroe,New York,1126,197100,5495,1272,201032,1272,8519,10350,-1831,8.519,10.35,-1.831
2015,Montgomery,New York,702,101600,3177,868,13109,868,702,868,-166,0.702,0.868,-0.166
2016,Montgomery,New York,721,99100,3234,851,13040,851,1423,1719,-296,1.423,1.719,-0.296
2017,Montgomery,New York,732,99900,3278,858,13565,858,2155,2577,-422,2.155,2.577,-0.422
2018,Montgomery,New York,749,101000,3217,851,13375,851,2904,3428,-524,2.904,3.428,-0.524
2019,Montgomery,New York,783,105400,3233,844,13455,844,3687,4272,-585,3.687,4.272,-0.585
2020,Montgomery,New York,759,110700,3308,869,13241,869,4446,5141,-695,4.446,5.141,-0.695
2021,Montgomery,New York,793,113500,3363,894,13165,894,5239,6035,-796,5.239,6.035,-0.796
2022,Montgomery,New York,867,132300,3488,969,13001,969,6106,7004,-898,6.106,7.004,-0.898
2023,Montgomery,New York,921,141600,3630,1001,13336,1001,7027,8005,-978,7.027,8.005,-0.978
2015,Nassau,New York,1578,446400,10001,2455,353777,2455,1578,2455,-877,1.578,2.455,-0.877
2016,Nassau,New York,1603,451700,10001,2450,353420,2450,3181,4905,-1724,3.181,4.905,-1.724
2017,Nassau,New York,1663,460700,10001,2494,357982,2494,4844,7399,-2555,4.844,7.399,-2.555
2018,Nassau,New York,1738,474800,10001,2547,359301,2547,6582,9946,-3364,6.582,9.946,-3.364
2019,Nassau,New York,1772,493500,10001,2605,360578,2605,8354,12551,-4197,8.354,12.551,-4.197
2020,Nassau,New York,1831,524400,10001,2612,365052,2612,10185,15163,-4978,10.185,15.163,-4.978
2021,Nassau,New York,1940,560100,10001,2704,370368,2704,12125,17867,-5742,12.125,17.867,-5.742
2022,Nassau,New York,2131,633800,10001,2911,372021,2911,14256,20778,-6522,14.256,20.778,-6.522
2023,Nassau,New York,2195,658700,10001,3000,373665,3000,16451,23778,-7327,16.451,23.778,-7.327
2015,New York,New York,1519,848700,7208,1903,172079,1903,1519,1903,-384,1.519,1.903,-0.384
2016,New York,New York,1575,871500,7641,1886,174361,1886,3094,3789,-695,3.094,3.789,-0.695
2017,New York,New York,1615,915300,8237,1889,182453,1889,4709,5678,-969,4.709,5.678,-0.969
2018,New York,New York,1682,944600,8980,1941,182949,1941,6391,7619,-1228,6.391,7.619,-1.228
2019,New York,New York,1740,987700,9817,1987,182796,1987,8131,9606,-1475,8.131,9.606,-1.475
2020,New York,New York,1787,1024500,10001,2100,182507,2100,9918,11706,-1788,9.918,11.706,-1.788
2021,New York,New York,1869,1008500,10001,2252,189119,2252,11787,13958,-2171,11.787,13.958,-2.171
2022,New York,New York,2024,1104000,10001,2479,187921,2479,13811,16437,-2626,13.811,16.437,-2.626
2023,New York,New York,2132,1108900,10001,2642,191643,2642,15943,19079,-3136,15.943,19.079,-3.136
2015,Niagara,New York,654,108000,3255,881,62294,881,654,881,-227,0.654,0.881,-0.227
2016,Niagara,New York,657,111500,3339,885,62309,885,1311,1766,-455,1.311,1.766,-0.455
2017,Niagara,New York,669,114800,3420,882,62888,882,1980,2648,-668,1.98,2.648,-0.668
2018,Niagara,New York,692,119300,3473,900,62872,900,2672,3548,-876,2.672,3.548,-0.876
2019,Niagara,New York,703,125600,3577,906,62543,906,3375,4454,-1079,3.375,4.454,-1.079
2020,Niagara,New York,714,131600,3634,898,64549,898,4089,5352,-1263,4.089,5.352,-1.263
2021,Niagara,New York,753,140400,3697,921,64724,921,4842,6273,-1431,4.842,6.273,-1.431
2022,Niagara,New York,823,163100,3958,990,64550,990,5665,7263,-1598,5.665,7.263,-1.598
2023,Niagara,New York,870,177400,4052,1021,64870,1021,6535,8284,-1749,6.535,8.284,-1.749
2015,Oneida,New York,706,114000,2901,868,59675,868,706,868,-162,0.706,0.868,-0.162
2016,Oneida,New York,712,117600,2976,868,60083,868,1418,1736,-318,1.418,1.736,-0.318
2017,Oneida,New York,735,120000,3070,878,60271,878,2153,2614,-461,2.153,2.614,-0.461
2018,Oneida,New York,755,123100,3146,896,60296,896,2908,3510,-602,2.908,3.51,-0.602
2019,Oneida,New York,766,127700,3230,899,60547,899,3674,4409,-735,3.674,4.409,-0.735
2020,Oneida,New York,777,133100,3269,897,62318,897,4451,5306,-855,4.451,5.306,-0.855
2021,Oneida,New York,807,138700,3353,920,62148,920,5258,6226,-968,5.258,6.226,-0.968
2022,Oneida,New York,889,157600,3565,980,63158,980,6147,7206,-1059,6.147,7.206,-1.059
2023,Oneida,New York,917,171100,3646,1005,63966,1005,7064,8211,-1147,7.064,8.211,-1.147
2015,Onondaga,New York,787,135900,3789,1059,120529,1059,787,1059,-272,0.787,1.059,-0.272
2016,Onondaga,New York,797,137000,3824,1039,120159,1039,1584,2098,-514,1.584,2.098,-0.514
2017,Onondaga,New York,823,139400,3918,1043,120606,1043,2407,3141,-734,2.407,3.141,-0.734
2018,Onondaga,New York,852,142300,3983,1065,120348,1065,3259,4206,-947,3.259,4.206,-0.947
2019,Onondaga,New York,872,145400,4087,1074,119871,1074,4131,5280,-1149,4.131,5.28,-1.149
2020,Onondaga,New York,888,148100,4184,1072,121902,1072,5019,6352,-1333,5.019,6.352,-1.333
2021,Onondaga,New York,926,154100,4376,1131,124179,1131,5945,7483,-1538,5.945,7.483,-1.538
2022,Onondaga,New York,1002,172800,4646,1197,125899,1197,6947,8680,-1733,6.947,8.68,-1.733
2023,Onondaga,New York,1067,185300,4805,1228,128013,1228,8014,9908,-1894,8.014,9.908,-1.894
2015,Ontario,New York,809,145700,3508,1024,32228,1024,809,1024,-215,0.809,1.024,-0.215
2016,Ontario,New York,821,148400,3605,1037,32075,1037,1630,2061,-431,1.63,2.061,-0.431
2017,Ontario,New York,837,156500,3770,1045,32389,1045,2467,3106,-639,2.467,3.106,-0.639
2018,Ontario,New York,875,160000,3850,1062,32639,1062,3342,4168,-826,3.342,4.168,-0.826
2019,Ontario,New York,896,161800,3973,1070,33054,1070,4238,5238,-1000,4.238,5.238,-1.0
2020,Ontario,New York,898,163100,3942,1066,33237,1066,5136,6304,-1168,5.136,6.304,-1.168
2021,Ontario,New York,962,169200,4087,1089,34097,1089,6098,7393,-1295,6.098,7.393,-1.295
2022,Ontario,New York,1061,192800,4364,1166,34133,1166,7159,8559,-1400,7.159,8.559,-1.4
2023,Ontario,New York,1126,202900,4460,1199,34718,1199,8285,9758,-1473,8.285,9.758,-1.473
2015,Orange,New York,1155,262500,6419,1858,86184,1858,1155,1858,-703,1.155,1.858,-0.703
2016,Orange,New York,1157,258700,6524,1830,85306,1830,2312,3688,-1376,2.312,3.688,-1.376
2017,Orange,New York,1187,260300,6641,1805,86449,1805,3499,5493,-1994,3.499,5.493,-1.994
2018,Orange,New York,1223,263700,6763,1811,86266,1811,4722,7304,-2582,4.722,7.304,-2.582
2019,Orange,New York,1259,271200,7091,1870,85584,1870,5981,9174,-3193,5.981,9.174,-3.193
2020,Orange,New York,1294,278400,7199,1864,88453,1864,7275,11038,-3763,7.275,11.038,-3.763
2021,Orange,New York,1379,291900,7574,1928,91534,1928,8654,12966,-4312,8.654,12.966,-4.312
2022,Orange,New York,1494,337800,8310,2079,91917,2079,10148,15045,-4897,10.148,15.045,-4.897
2023,Orange,New York,1602,361100,8463,2128,93959,2128,11750,17173,-5423,11.75,17.173,-5.423
2015,Orleans,New York,639,91300,3055,923,12112,923,639,923,-284,0.639,0.923,-0.284
2016,Orleans,New York,658,92000,3179,904,12186,904,1297,1827,-530,1.297,1.827,-0.53
2017,Orleans,New York,683,93600,3237,903,12166,903,1980,2730,-750,1.98,2.73,-0.75
2018,Orleans,New York,723,95600,3332,913,12346,913,2703,3643,-940,2.703,3.643,-0.94
2019,Orleans,New York,728,98400,3393,928,12520,928,3431,4571,-1140,3.431,4.571,-1.14
2020,Orleans,New York,782,101400,3445,910,12491,910,4213,5481,-1268,4.213,5.481,-1.268
2021,Orleans,New York,802,107700,3524,965,12065,965,5015,6446,-1431,5.015,6.446,-1.431
2022,Orleans,New York,840,122200,3765,1054,12348,1054,5855,7500,-1645,5.855,7.5,-1.645
2023,Orleans,New York,877,126200,3781,1082,12539,1082,6732,8582,-1850,6.732,8.582,-1.85
2015,Oswego,New York,721,94800,2612,864,32675,864,721,864,-143,0.721,0.864,-0.143
2016,Oswego,New York,725,96000,2706,870,32850,870,1446,1734,-288,1.446,1.734,-0.288
2017,Oswego,New York,748,97800,2812,896,33302,896,2194,2630,-436,2.194,2.63,-0.436
2018,Oswego,New York,763,102000,2899,910,33504,910,2957,3540,-583,2.957,3.54,-0.583
2019,Oswego,New York,777,104600,2997,913,33965,913,3734,4453,-719,3.734,4.453,-0.719
2020,Oswego,New York,806,109500,3123,913,33912,913,4540,5366,-826,4.54,5.366,-0.826
2021,Oswego,New York,844,115900,3272,953,34507,953,5384,6319,-935,5.384,6.319,-0.935
2022,Oswego,New York,899,131800,3544,1022,34694,1022,6283,7341,-1058,6.283,7.341,-1.058
2023,Oswego,New York,943,139600,3595,1061,34837,1061,7226,8402,-1176,7.226,8.402,-1.176
2015,Otsego,New York,776,142800,2529,802,17352,802,776,802,-26,0.776,0.802,-0.026
2016,Otsego,New York,775,140600,2528,797,17350,797,1551,1599,-48,1.551,1.599,-0.048
2017,Otsego,New York,808,141900,2598,797,17553,797,2359,2396,-37,2.359,2.396,-0.037
2018,Otsego,New York,833,144000,2695,816,17174,816,3192,3212,-20,3.192,3.212,-0.02
2019,Otsego,New York,833,146400,2702,808,16892,808,4025,4020,5,4.025,4.02,0.005
2020,Otsego,New York,827,150700,2725,849,17157,849,4852,4869,-17,4.852,4.869,-0.017
2021,Otsego,New York,863,154200,2881,880,16568,880,5715,5749,-34,5.715,5.749,-0.034
2022,Otsego,New York,927,166500,2930,966,16534,966,6642,6715,-73,6.642,6.715,-0.073
2023,Otsego,New York,942,175900,2911,989,16807,989,7584,7704,-120,7.584,7.704,-0.12
2015,Putnam,New York,1234,354900,8631,2250,27946,2250,1234,2250,-1016,1.234,2.25,-1.016
2016,Putnam,New York,1307,354800,8922,2264,27961,2264,2541,4514,-1973,2.541,4.514,-1.973
2017,Putnam,New York,1334,357700,9205,2240,28101,2240,3875,6754,-2879,3.875,6.754,-2.879
2018,Putnam,New York,1387,356300,9383,2213,28718,2213,5262,8967,-3705,5.262,8.967,-3.705
2019,Putnam,New York,1453,358500,9464,2206,28513,2206,6715,11173,-4458,6.715,11.173,-4.458
2020,Putnam,New York,1489,366400,9564,2228,28797,2228,8204,13401,-5197,8.204,13.401,-5.197
2021,Putnam,New York,1544,377800,9855,2246,28854,2246,9748,15647,-5899,9.748,15.647,-5.899
2022,Putnam,New York,1691,421800,10001,2368,29299,2368,11439,18015,-6576,11.439,18.015,-6.576
2023,Putnam,New York,1824,448000,10001,2409,29105,2409,13263,20424,-7161,13.263,20.424,-7.161
2015,Queens,New York,1367,450300,3705,1582,340561,1582,1367,1582,-215,1.367,1.582,-0.215
2016,Queens,New York,1401,462300,3896,1587,341363,1587,2768,3169,-401,2.768,3.169,-0.401
2017,Queens,New York,1456,481300,4170,1582,346041,1582,4224,4751,-527,4.224,4.751,-0.527
2018,Queens,New York,1520,504900,4443,1602,347739,1602,5744,6353,-609,5.744,6.353,-0.609
2019,Queens,New York,1583,543800,4726,1616,348732,1616,7327,7969,-642,7.327,7.969,-0.642
2020,Queens,New York,1629,575600,5016,1609,353375,1609,8956,9578,-622,8.956,9.578,-0.622
2021,Queens,New York,1711,603200,5397,1676,366494,1676,10667,11254,-587,10.667,11.254,-0.587
2022,Queens,New York,1847,677700,5887,1779,369150,1779,12514,13033,-519,12.514,13.033,-0.519
2023,Queens,New York,1915,699200,6130,1830,371778,1830,14429,14863,-434,14.429,14.863,-0.434
2015,Rensselaer,New York,875,179100,4380,1266,41240,1266,875,1266,-391,0.875,1.266,-0.391
2016,Rensselaer,New York,883,180700,4398,1260,40749,1260,1758,2526,-768,1.758,2.526,-0.768
2017,Rensselaer,New York,908,183400,4529,1272,40878,1272,2666,3798,-1132,2.666,3.798,-1.132
2018,Rensselaer,New York,945,185100,4585,1292,40708,1292,3611,5090,-1479,3.611,5.09,-1.479
2019,Rensselaer,New York,973,188700,4735,1296,40771,1296,4584,6386,-1802,4.584,6.386,-1.802
2020,Rensselaer,New York,987,197100,4766,1263,41200,1263,5571,7649,-2078,5.571,7.649,-2.078
2021,Rensselaer,New York,1046,204200,4913,1321,41693,1321,6617,8970,-2353,6.617,8.97,-2.353
2022,Rensselaer,New York,1141,230800,5235,1399,41507,1399,7758,10369,-2611,7.758,10.369,-2.611
2023,Rensselaer,New York,1182,244300,5357,1430,42452,1430,8940,11799,-2859,8.94,11.799,-2.859
2015,Richmond,New York,1169,439500,3717,1951,114000,1951,1169,1951,-782,1.169,1.951,-0.782
2016,Richmond,New York,1191,448000,3910,1946,114502,1946,2360,3897,-1537,2.36,3.897,-1.537
2017,Richmond,New York,1229,460200,4177,1970,115428,1970,3589,5867,-2278,3.589,5.867,-2.278
2018,Richmond,New York,1282,478600,4427,2009,115839,2009,4871,7876,-3005,4.871,7.876,-3.005
2019,Richmond,New York,1319,504800,4676,2036,115265,2036,6190,9912,-3722,6.19,9.912,-3.722
2020,Richmond,New York,1379,546100,4998,2023,114975,2023,7569,11935,-4366,7.569,11.935,-4.366
2021,Richmond,New York,1445,575500,5429,2072,116435,2072,9014,14007,-4993,9.014,14.007,-4.993
2022,Richmond,New York,1602,637100,5844,2189,116662,2189,10616,16196,-5580,10.616,16.196,-5.58
2023,Richmond,New York,1689,658500,6074,2255,115534,2255,12305,18451,-6146,12.305,18.451,-6.146
2015,Rockland,New York,1335,419100,10001,2393,68107,2393,1335,2393,-1058,1.335,2.393,-1.058
2016,Rockland,New York,1367,420700,10001,2405,68276,2405,2702,4798,-2096,2.702,4.798,-2.096
2017,Rockland,New York,1420,425100,10001,2433,68822,2433,4122,7231,-3109,4.122,7.231,-3.109
2018,Rockland,New York,1463,434000,10001,2470,68681,2470,5585,9701,-4116,5.585,9.701,-4.116
2019,Rockland,New York,1504,443400,10001,2516,68591,2516,7089,12217,-5128,7.089,12.217,-5.128
2020,Rockland,New York,1558,452500,10001,2494,68703,2494,8647,14711,-6064,8.647,14.711,-6.064
2021,Rockland,New York,1642,465200,10001,2555,69559,2555,10289,17266,-6977,10.289,17.266,-6.977
2022,Rockland,New York,1755,528900,10001,2699,70035,2699,12044,19965,-7921,12.044,19.965,-7.921
2023,Rockland,New York,1826,564200,10001,2779,70496,2779,13870,22744,-8874,13.87,22.744,-8.874
2015,Saratoga,New York,993,232900,3809,1311,64423,1311,993,1311,-318,0.993,1.311,-0.318
2016,Saratoga,New York,1026,238600,3853,1325,65099,1325,2019,2636,-617,2.019,2.636,-0.617
2017,Saratoga,New York,1046,243600,3956,1331,66624,1331,3065,3967,-902,3.065,3.967,-0.902
2018,Saratoga,New York,1090,251200,4101,1379,67383,1379,4155,5346,-1191,4.155,5.346,-1.191
2019,Saratoga,New York,1138,258300,4139,1379,68158,1379,5293,6725,-1432,5.293,6.725,-1.432
2020,Saratoga,New York,1151,266000,4244,1368,69128,1368,6444,8093,-1649,6.444,8.093,-1.649
2021,Saratoga,New York,1198,273500,4413,1405,70842,1405,7642,9498,-1856,7.642,9.498,-1.856
2022,Saratoga,New York,1305,306000,4692,1512,70909,1512,8947,11010,-2063,8.947,11.01,-2.063
2023,Saratoga,New York,1347,324800,4843,1538,72048,1538,10294,12548,-2254,10.294,12.548,-2.254
2015,Schenectady,New York,845,165800,4555,1210,37747,1210,845,1210,-365,0.845,1.21,-0.365
2016,Schenectady,New York,857,165000,4578,1217,36997,1217,1702,2427,-725,1.702,2.427,-0.725
2017,Schenectady,New York,894,164100,4653,1199,36519,1199,2596,3626,-1030,2.596,3.626,-1.03
2018,Schenectady,New York,922,165400,4771,1196,35455,1196,3518,4822,-1304,3.518,4.822,-1.304
2019,Schenectady,New York,945,169600,4749,1200,35654,1200,4463,6022,-1559,4.463,6.022,-1.559
2020,Schenectady,New York,964,172500,4779,1227,36775,1227,5427,7249,-1822,5.427,7.249,-1.822
2021,Schenectady,New York,1018,178000,4934,1267,39234,1267,6445,8516,-2071,6.445,8.516,-2.071
2022,Schenectady,New York,1092,204400,5241,1362,40880,1362,7537,9878,-2341,7.537,9.878,-2.341
2023,Schenectady,New York,1159,223100,5486,1439,42327,1439,8696,11317,-2621,8.696,11.317,-2.621
2015,Schoharie,New York,733,147000,3222,952,9512,952,733,952,-219,0.733,0.952,-0.219
2016,Schoharie,New York,741,143700,3254,928,9287,928,1474,1880,-406,1.474,1.88,-0.406
2017,Schoharie,New York,781,143300,3271,941,9471,941,2255,2821,-566,2.255,2.821,-0.566
2018,Schoharie,New York,792,143500,3330,948,9415,948,3047,3769,-722,3.047,3.769,-0.722
2019,Schoharie,New York,790,144800,3427,937,9522,937,3837,4706,-869,3.837,4.706,-0.869
2020,Schoharie,New York,809,142600,3504,911,9630,911,4646,5617,-971,4.646,5.617,-0.971
2021,Schoharie,New York,847,151700,3735,927,9227,927,5493,6544,-1051,5.493,6.544,-1.051
2022,Schoharie,New York,883,169400,3931,981,9510,981,6376,7525,-1149,6.376,7.525,-1.149
2023,Schoharie,New York,916,182000,3977,984,9662,984,7292,8509,-1217,7.292,8.509,-1.217
2015,Schuyler,New York,640,108500,2564,727,5933,727,640,727,-87,0.64,0.727,-0.087
2016,Schuyler,New York,708,111300,2592,760,5767,760,1348,1487,-139,1.348,1.487,-0.139
2017,Schuyler,New York,741,114700,2644,784,5688,784,2089,2271,-182,2.089,2.271,-0.182
2018,Schuyler,New York,730,121300,2775,808,5684,808,2819,3079,-260,2.819,3.079,-0.26
2019,Schuyler,New York,742,133100,2867,827,5505,827,3561,3906,-345,3.561,3.906,-0.345
2020,Schuyler,New York,765,127000,2941,775,5537,775,4326,4681,-355,4.326,4.681,-0.355
2021,Schuyler,New York,753,134400,3064,887,5689,887,5079,5568,-489,5.079,5.568,-0.489
2022,Schuyler,New York,808,151100,3246,934,5724,934,5887,6502,-615,5.887,6.502,-0.615
2023,Schuyler,New York,858,163300,3165,960,5780,960,6745,7462,-717,6.745,7.462,-0.717
2015,Seneca,New York,716,97000,2779,834,9806,834,716,834,-118,0.716,0.834,-0.118
2016,Seneca,New York,735,98200,2779,814,9922,814,1451,1648,-197,1.451,1.648,-0.197
2017,Seneca,New York,750,98400,2755,818,9912,818,2201,2466,-265,2.201,2.466,-0.265
2018,Seneca,New York,761,101400,2831,841,10003,841,2962,3307,-345,2.962,3.307,-0.345
2019,Seneca,New York,781,107100,2923,860,10022,860,3743,4167,-424,3.743,4.167,-0.424
2020,Seneca,New York,786,107500,2809,832,10011,832,4529,4999,-470,4.529,4.999,-0.47
2021,Seneca,New York,828,111800,2895,908,9929,908,5357,5907,-550,5.357,5.907,-0.55
2022,Seneca,New York,871,132000,3120,984,9882,984,6228,6891,-663,6.228,6.891,-0.663
2023,Seneca,New York,925,142700,3267,1012,9848,1012,7153,7903,-750,7.153,7.903,-0.75
2015,St. Lawrence,New York,700,87600,2048,748,29600,748,700,748,-48,0.7,0.748,-0.048
2016,St. Lawrence,New York,698,87400,2129,734,29591,734,1398,1482,-84,1.398,1.482,-0.084
2017,St. Lawrence,New York,723,88000,2208,730,30189,730,2121,2212,-91,2.121,2.212,-0.091
2018,St. Lawrence,New York,730,91600,2323,736,30183,736,2851,2948,-97,2.851,2.948,-0.097
2019,St. Lawrence,New York,741,93600,2414,738,30596,738,3592,3686,-94,3.592,3.686,-0.094
2020,St. Lawrence,New York,715,97000,2499,747,30387,747,4307,4433,-126,4.307,4.433,-0.126
2021,St. Lawrence,New York,741,99300,2572,780,29788,780,5048,5213,-165,5.048,5.213,-0.165
2022,St. Lawrence,New York,788,114700,2644,828,29521,828,5836,6041,-205,5.836,6.041,-0.205
2023,St. Lawrence,New York,799,119800,2735,868,29840,868,6635,6909,-274,6.635,6.909,-0.274
2015,Steuben,New York,658,91000,2525,742,28756,742,658,742,-84,0.658,0.742,-0.084
2016,Steuben,New York,675,94300,2615,748,28545,748,1333,1490,-157,1.333,1.49,-0.157
2017,Steuben,New York,691,95300,2654,754,28956,754,2024,2244,-220,2.024,2.244,-0.22
2018,Steuben,New York,692,98200,2703,769,28841,769,2716,3013,-297,2.716,3.013,-0.297
2019,Steuben,New York,695,99600,2756,778,28995,778,3411,3791,-380,3.411,3.791,-0.38
2020,Steuben,New York,714,104200,2849,802,29258,802,4125,4593,-468,4.125,4.593,-0.468
2021,Steuben,New York,755,108100,2917,826,28366,826,4880,5419,-539,4.88,5.419,-0.539
2022,Steuben,New York,832,121000,3100,893,28480,893,5712,6312,-600,5.712,6.312,-0.6
2023,Steuben,New York,878,128600,3245,924,28614,924,6590,7236,-646,6.59,7.236,-0.646
2015,Suffolk,New York,1544,375100,8449,2242,392390,2242,1544,2242,-698,1.544,2.242,-0.698
2016,Suffolk,New York,1589,376000,8679,2236,389182,2236,3133,4478,-1345,3.133,4.478,-1.345
2017,Suffolk,New York,1646,379400,8902,2239,393065,2239,4779,6717,-1938,4.779,6.717,-1.938
2018,Suffolk,New York,1698,386800,9157,2266,390897,2266,6477,8983,-2506,6.477,8.983,-2.506
2019,Suffolk,New York,1742,397400,9428,2286,394236,2286,8219,11269,-3050,8.219,11.269,-3.05
2020,Suffolk,New York,1810,413900,9598,2239,403707,2239,10029,13508,-3479,10.029,13.508,-3.479
2021,Suffolk,New York,1895,436300,9911,2317,413763,2317,11924,15825,-3901,11.924,15.825,-3.901
2022,Suffolk,New York,2113,490800,10001,2497,417769,2497,14037,18322,-4285,14.037,18.322,-4.285
2023,Suffolk,New York,2190,539500,10001,2549,419631,2549,16227,20871,-4644,16.227,20.871,-4.644
2015,Sullivan,New York,841,165900,3968,1058,18611,1058,841,1058,-217,0.841,1.058,-0.217
2016,Sullivan,New York,862,165900,4126,1037,18762,1037,1703,2095,-392,1.703,2.095,-0.392
2017,Sullivan,New York,860,167900,4357,1047,18521,1047,2563,3142,-579,2.563,3.142,-0.579
2018,Sullivan,New York,876,169500,4456,1066,18872,1066,3439,4208,-769,3.439,4.208,-0.769
2019,Sullivan,New York,890,172800,4542,1085,19255,1085,4329,5293,-964,4.329,5.293,-0.964
2020,Sullivan,New York,886,175900,4621,1075,19980,1075,5215,6368,-1153,5.215,6.368,-1.153
2021,Sullivan,New York,933,185700,4740,1116,19948,1116,6148,7484,-1336,6.148,7.484,-1.336
2022,Sullivan,New York,996,220200,4954,1223,20660,1223,7144,8707,-1563,7.144,8.707,-1.563
2023,Sullivan,New York,999,234800,5082,1256,20934,1256,8143,9963,-1820,8.143,9.963,-1.82
2015,Tioga,New York,644,112600,2803,855,15585,855,644,855,-211,0.644,0.855,-0.211
2016,Tioga,New York,661,112300,2922,823,15415,823,1305,1678,-373,1.305,1.678,-0.373
2017,Tioga,New York,695,113000,2981,822,15422,822,2000,2500,-500,2.0,2.5,-0.5
2018,Tioga,New York,736,117100,3069,847,15427,847,2736,3347,-611,2.736,3.347,-0.611
2019,Tioga,New York,751,119700,3117,872,15409,872,3487,4219,-732,3.487,4.219,-0.732
2020,Tioga,New York,782,119800,3234,867,16071,867,4269,5086,-817,4.269,5.086,-0.817
2021,Tioga,New York,829,122900,3358,888,15843,888,5098,5974,-876,5.098,5.974,-0.876
2022,Tioga,New York,894,144200,3590,964,15821,964,5992,6938,-946,5.992,6.938,-0.946
2023,Tioga,New York,914,153200,3750,1017,15811,1017,6906,7955,-1049,6.906,7.955,-1.049
2015,Tompkins,New York,988,176500,4363,1141,21356,1141,988,1141,-153,0.988,1.141,-0.153
2016,Tompkins,New York,1011,182600,4538,1157,21175,1157,1999,2298,-299,1.999,2.298,-0.299
2017,Tompkins,New York,1055,190100,4663,1145,21630,1145,3054,3443,-389,3.054,3.443,-0.389
2018,Tompkins,New York,1107,199400,4994,1205,21749,1205,4161,4648,-487,4.161,4.648,-0.487
2019,Tompkins,New York,1164,204600,5217,1240,21755,1240,5325,5888,-563,5.325,5.888,-0.563
2020,Tompkins,New York,1144,218700,5466,1260,22025,1260,6469,7148,-679,6.469,7.148,-0.679
2021,Tompkins,New York,1218,228900,5761,1299,23248,1299,7687,8447,-760,7.687,8.447,-0.76
2022,Tompkins,New York,1320,264300,6229,1379,23328,1379,9007,9826,-819,9.007,9.826,-0.819
2023,Tompkins,New York,1374,271500,6374,1390,23291,1390,10381,11216,-835,10.381,11.216,-0.835
2015,Ulster,New York,1013,222800,5147,1382,47908,1382,1013,1382,-369,1.013,1.382,-0.369
2016,Ulster,New York,1022,219800,5203,1388,48343,1388,2035,2770,-735,2.035,2.77,-0.735
2017,Ulster,New York,1053,221600,5296,1379,48343,1379,3088,4149,-1061,3.088,4.149,-1.061
2018,Ulster,New York,1086,225500,5409,1379,47815,1379,4174,5528,-1354,4.174,5.528,-1.354
2019,Ulster,New York,1112,230500,5456,1356,47321,1356,5286,6884,-1598,5.286,6.884,-1.598
2020,Ulster,New York,1119,239400,5534,1361,48108,1361,6405,8245,-1840,6.405,8.245,-1.84
2021,Ulster,New York,1175,252300,5787,1409,49479,1409,7580,9654,-2074,7.58,9.654,-2.074
2022,Ulster,New York,1269,288400,6114,1526,49975,1526,8849,11180,-2331,8.849,11.18,-2.331
2023,Ulster,New York,1335,315100,6124,1571,51163,1571,10184,12751,-2567,10.184,12.751,-2.567
2015,Warren,New York,862,189700,2966,1029,18890,1029,862,1029,-167,0.862,1.029,-0.167
2016,Warren,New York,879,191500,3113,1045,19037,1045,1741,2074,-333,1.741,2.074,-0.333
2017,Warren,New York,881,192800,3141,1060,19605,1060,2622,3134,-512,2.622,3.134,-0.512
2018,Warren,New York,884,193800,3197,1081,19547,1081,3506,4215,-709,3.506,4.215,-0.709
2019,Warren,New York,929,196500,3326,1082,19820,1082,4435,5297,-862,4.435,5.297,-0.862
2020,Warren,New York,932,208600,3461,1114,20516,1114,5367,6411,-1044,5.367,6.411,-1.044
2021,Warren,New York,969,214300,3587,1132,20673,1132,6336,7543,-1207,6.336,7.543,-1.207
2022,Warren,New York,1062,240600,3731,1231,21036,1231,7398,8774,-1376,7.398,8.774,-1.376
2023,Warren,New York,1089,247600,3789,1283,21470,1283,8487,10057,-1570,8.487,10.057,-1.57
2015,Washington,New York,803,142700,3147,994,17531,994,803,994,-191,0.803,0.994,-0.191
2016,Washington,New York,819,143900,3201,991,17368,991,1622,1985,-363,1.622,1.985,-0.363
2017,Washington,New York,823,144900,3257,987,17431,987,2445,2972,-527,2.445,2.972,-0.527
2018,Washington,New York,848,145900,3282,983,17507,983,3293,3955,-662,3.293,3.955,-0.662
2019,Washington,New York,855,149000,3356,955,17782,955,4148,4910,-762,4.148,4.91,-0.762
2020,Washington,New York,861,151500,3435,941,17494,941,5009,5851,-842,5.009,5.851,-0.842
2021,Washington,New York,893,158100,3632,1014,17709,1014,5902,6865,-963,5.902,6.865,-0.963
2022,Washington,New York,964,176900,3832,1096,17916,1096,6866,7961,-1095,6.866,7.961,-1.095
2023,Washington,New York,1000,185000,3852,1114,18568,1114,7866,9075,-1209,7.866,9.075,-1.209
2015,Wayne,New York,694,112900,3418,938,28288,938,694,938,-244,0.694,0.938,-0.244
2016,Wayne,New York,716,115100,3440,946,28037,946,1410,1884,-474,1.41,1.884,-0.474
2017,Wayne,New York,742,118900,3498,946,28109,946,2152,2830,-678,2.152,2.83,-0.678
2018,Wayne,New York,757,121700,3564,983,27723,983,2909,3813,-904,2.909,3.813,-0.904
2019,Wayne,New York,779,123800,3612,974,28071,974,3688,4787,-1099,3.688,4.787,-1.099
2020,Wayne,New York,772,130000,3578,983,29114,983,4460,5770,-1310,4.46,5.77,-1.31
2021,Wayne,New York,810,134800,3735,1008,29500,1008,5270,6778,-1508,5.27,6.778,-1.508
2022,Wayne,New York,877,151900,3999,1096,30116,1096,6147,7874,-1727,6.147,7.874,-1.727
2023,Wayne,New York,929,163400,4168,1125,30531,1125,7076,8999,-1923,7.076,8.999,-1.923
2015,Westchester,New York,1364,506900,10001,2527,210195,2527,1364,2527,-1163,1.364,2.527,-1.163
2016,Westchester,New York,1394,507300,10001,2521,210004,2521,2758,5048,-2290,2.758,5.048,-2.29
2017,Westchester,New York,1444,513300,10001,2539,212731,2539,4202,7587,-3385,4.202,7.587,-3.385
2018,Westchester,New York,1493,528300,10001,2573,212889,2573,5695,10160,-4465,5.695,10.16,-4.465
2019,Westchester,New York,1537,540600,10001,2605,214474,2605,7232,12765,-5533,7.232,12.765,-5.533
2020,Westchester,New York,1599,544100,10001,2557,216939,2557,8831,15322,-6491,8.831,15.322,-6.491
2021,Westchester,New York,1682,559900,10001,2651,224531,2651,10513,17973,-7460,10.513,17.973,-7.46
2022,Westchester,New York,1796,619000,10001,2823,229004,2823,12309,20796,-8487,12.309,20.796,-8.487
2023,Westchester,New York,1876,638400,10001,2882,230294,2882,14185,23678,-9493,14.185,23.678,-9.493
2015,Wyoming,New York,589,102000,2781,827,11865,827,589,827,-238,0.589,0.827,-0.238
2016,Wyoming,New York,614,104200,2902,819,11936,819,1203,1646,-443,1.203,1.646,-0.443
2017,Wyoming,New York,634,108500,3038,839,11897,839,1837,2485,-648,1.837,2.485,-0.648
2018,Wyoming,New York,640,112200,3165,855,12071,855,2477,3340,-863,2.477,3.34,-0.863
2019,Wyoming,New York,659,115900,3233,851,12241,851,3136,4191,-1055,3.136,4.191,-1.055
2020,Wyoming,New York,681,118800,3114,813,12296,813,3817,5004,-1187,3.817,5.004,-1.187
2021,Wyoming,New York,713,125300,3301,849,12281,849,4530,5853,-1323,4.53,5.853,-1.323
2022,Wyoming,New York,787,143000,3464,893,12457,893,5317,6746,-1429,5.317,6.746,-1.429
2023,Wyoming,New York,782,154700,3557,900,12518,900,6099,7646,-1547,6.099,7.646,-1.547
2015,Yates,New York,688,124200,2674,824,7454,824,688,824,-136,0.688,0.824,-0.136
2016,Yates,New York,701,126900,2696,808,7346,808,1389,1632,-243,1.389,1.632,-0.243
2017,Yates,New York,732,128900,2802,837,7196,837,2121,2469,-348,2.121,2.469,-0.348
2018,Yates,New York,753,128800,2785,823,7152,823,2874,3292,-418,2.874,3.292,-0.418
2019,Yates,New York,775,136300,2812,827,7137,827,3649,4119,-470,3.649,4.119,-0.47
2020,Yates,New York,712,142300,2904,834,6805,834,4361,4953,-592,4.361,4.953,-0.592
2021,Yates,New York,723,146600,3012,857,6546,857,5084,5810,-726,5.084,5.81,-0.726
2022,Yates,New York,773,159800,3115,933,6862,933,5857,6743,-886,5.857,6.743,-0.886
2023,Yates,New York,802,178000,3417,997,7024,997,6659,7740,-1081,6.659,7.74,-1.081
